Date,Time,Location,Latitude,Longitude,Direction,Type,Lanes Blocked,Involved,Tweet,Source
8/20/2018,7:55 AM,ORTIGAS EMERALD,14.586343,121.061481,EB,VEHICULAR ACCIDENT,1,TAXI AND MC,MMDA ALERT: Vehicular accident at Ortigas Emerald EB  involving taxi and MC as of 7:55 AM. 1 lane occupied. MMDA on site. #mmda,https://twitter.com/mmda/status/1031330201970532352
8/20/2018,8:42 AM,EDSA GUADIX,14.589432,121.057243,NB,STALLED L300 DUE TO MECHANICAL PROBLEM,1,L300,MMDA ALERT: Stalled L300 due to mechanical problem at EDSA Guadix NB as of 8:42 AM. 1 lane occupied. MMDA enforcer on site. #mmda,https://twitter.com/mmda/status/1031346247745990656
8/20/2018,9:13 AM,EDSA ROCKWELL,14.559818,121.040737,SB,VEHICULAR ACCIDENT,1,SUV AND L300,MMDA ALERT: Vehicular accident at EDSA Rockwell SB  involving SUV and L300 as of 9:13 AM. 1 lane occupied MMDA on site. #mmda,https://twitter.com/mmda/status/1031358966989615104
8/20/2018,8:42 AM,EDSA GUADIX,14.589432,121.057243,NB,STALLED L300 DUE TO MECHANICAL PROBLEM,1,L300,MMDA ALERT: Stalled L300 due to mechanical problem at EDSA Guadix NB as of 8:42 AM. 1 lane occupied. MMDA enforcer on site. #mmda,https://twitter.com/mmda/status/1031359069653585920
8/20/2018,10:27 AM,ORTIGAS CLUB FILIPINO,14.601846,121.046754,EB,VEHICULAR ACCIDENT,1,2 CARS,MMDA ALERT: Vehicular accident at Ortigas Club Filipino EB  involving 2 Cars as of 10:27 AM. 1 lane occupied MMDA on site. #mmda,https://twitter.com/mmda/status/1031371124842483712
8/20/2018,11:18 AM,C5 KALAYAAN,14.556079,121.062936,SB,VEHICULAR ON FIRE,1,BUS,MMDA ALERT: Vehicular on fire at C5 Kalayaan SB involving bus as of 11:18 AM. 1 lane occupied BFP on site. #mmda,https://twitter.com/mmda/status/1031385843796074496
8/20/2018,12:33 PM,EDSA ORTIGAS ROBINSONS,14.592515,121.058225,NB,VEHICULAR ACCIDENT,1,CAR AND BUS,MMDA ALERT: Vehicular accident at EDSA Ortigas Robinsons NB  involving Car and bus as of 12:33 PM. 1 lane occupied MMDA on site. #mmda,https://twitter.com/mmda/status/1031400304917368832
8/20/2018,12:39 PM,EDSA LIGHT MALL,14.574014,121.04841,NB,MULTIPLE COLLISION,2,3 CARS,MMDA ALERT: Multiple collision at EDSA Light Mall NB involving 3 car's as of 12:39 PM. 2 lanes occupied MMDA on site. #mmda,https://twitter.com/mmda/status/1031402505031151617
8/20/2018,12:39 PM,EDSA LIGHT MALL,14.574014,121.04841,NB,MULTIPLE COLLISION,2,3 CARS,MMDA ALERT: Multiple collision at EDSA Light Mall NB involving 3 car's as of 12:39 PM. 2 lanes occupied MMDA on site. #mmda,https://twitter.com/mmda/status/1031405794124738560
8/20/2018,2:51 PM,EDSA FARMERS,14.619717,121.050978,NB,VEHICULAR ACCIDENT,1,BUS AND CAR,MMDA ALERT: Vehicular accident at EDSA Farmers NB involving bus and car as of 2:51pm PM. 1 lane occupied. MMDA enforcer on site. #mmda,https://twitter.com/mmda/status/1031435510793756673
8/20/2018,4:14 PM,C5 LANUZA,14.577625,121.073462,SB,STALLED TRUCK DUE TO MECHANICAL PROBLEM,1,TRUCK,MMDA ALERT: Stalled Truck due to mechanical problem at C5 Lanuza SB as of 4:14 PM. 1 lane occupied. MMDA enforcer on site. #mmda,https://twitter.com/mmda/status/1031454965225611264
8/20/2018,5:17 PM,C5 ATENEO KATIPUNAN,14.638481,121.07454,NB,MULTIPLE COLLISION C5ENEO KAT,1,"CLOSED VAN, TRUCK, CAR AND MC","MMDA ALERT: Multiple collision at C5 Ateneo Katipunan NB involving closed van, truck, car and MC as of 5:17 PM. 2 l… https://t.co/KV9s1aRW1s",https://twitter.com/mmda/status/1031481471083601920
8/20/2018,6:21 PM,EDSA BONI,14.638481,121.07454,NB,STALLED BUS DUE TO MECHANICAL DEFECT,1,BUS,MMDA ALERT: Stalled Bus due to mechanical defect at EDSA Boni NB as pf 6:21 PM. 1 lane occupied. MMDA enforcer on site. #mmda,https://twitter.com/mmda/status/1031487629357764608
8/20/2018,7:19 PM,MARCOS HIGHWAY LRT SANTOLAN,14.622242,121.086405,EB,VEHICULAR ACCIDENT,1,PUJ AND AUV,MMDA ALERT: Vehicular accident at Marcos Highway LRT Santolan EB involving PUJ and AUV as of 7:19PM. 1 lane occupie… https://t.co/fnFCyLIlmO,https://twitter.com/mmda/status/1031503746553901056
8/20/2018,7:44 PM,EDSA HERITAGE,14.537348,120.993593,NB,VEHICULAR ACCIDENT,1,TAXI AND TRUCK,MMDA ALERT: Vehicular accident at EDSA Heritage NB involving taxi and truck as of 7:44 PM. 1 lane occupied. MMDA enforcer on site. #mmda,https://twitter.com/mmda/status/1031510935356157953
8/20/2018,8:58 PM,C5 ORTIGAS FLYOVER,14.589706,121.079945,NB,STALLED CLOSED VAN DUE TO MECHANICAL DEFECT,1,CLOSED VAN,MMDA ALERT: Stalled Closed van due to mechanical defect at C5 Ortigas flyover NB as of 8: 58 PM. 1 lane occupied. M… https://t.co/3A3PfaO62F,https://twitter.com/mmda/status/1031529829554741248
8/20/2018,8:58 PM,C5 ORTIGAS FLYOVER,14.589706,121.079945,NB,STALLED CLOSED VAN DUE TO MECHANICAL DEFECT,1,CLOSED VAN,MMDA ALERT: Stalled Closed van due to mechanical defect at C5 Ortigas flyover NB as of 8: 58 PM. 1 lane occupied. M… https://t.co/RMyhtGK32G,https://twitter.com/mmda/status/1031529850941521921
8/20/2018,7:05 AM,EDSA ERMIN GARCIA,14.628035,121.047229,SB,STALLED BUS DUE TO MECHANICAL PROBLEM,1,BUS,MMDA ALERT: Stalled bus due to mechanical problem at EDSA Ermin Garcia SB as of 7:05 AM. 1 lane occupied. MMDA enforcer on site. #mmda,https://twitter.com/mmda/status/1031682905804656640
8/21/2018,7:05 AM,EDSA ERMIN GARCIA,14.628035,121.047229,SB,STALLED BUS DUE TO MECHANICAL PROBLEM,1,BUS,MMDA ALERT: Stalled bus due to mechanical problem at EDSA Ermin Garcia SB as of 7:05 AM. 1 lane occupied. MMDA enforcer on site. #mmda,https://twitter.com/mmda/status/1031702349415215105
8/21/2018,9:50 AM,EDSA GUADALUPE PET PLANS,14.566348,121.045356,SB,ONGOING DPWH ROAD PATCHING,1,,MMDA ALERT: Ongoing DPWH road patching at EDSA Guadalupe Pet Plans SB as of 9:50 AM. 1 lane occupied.  MMDA on site. #mmda,https://twitter.com/mmda/status/1031722547341971458
8/21/2018,10:00 AM,COMMONWEALTH DILIMAN,14.659263,121.061261,EB,VEHICULAR ACCIDENT,1,2 MC,MMDA ALERT: Vehicular accident at Commonwealth Diliman EB  involving 2 MC as of 10:00 AM. 1 lane occupied MMDA on site. #mmda,https://twitter.com/mmda/status/1031727757347053568
8/21/2018,10:30 AM,ROXAS BACLARAN,14.528998,120.993456,SB,ONGOING DPWH FOOTBRIDGE PAINTING,1,,MMDA ALERT: Ongoing DPWH Footbridge Painting at Roxas Baclaran SB as of 10:30 AM. 1 lane occupied MMDA on site. #mmda,https://twitter.com/mmda/status/1031731356345069568
8/21/2018,10:47 AM,C5 EASTWOOD,14.60728,121.078528,SB,VEHICULAR ACCIDENT,1,MC AND SUV,MMDA ALERT: Vehicular accident at C5 Eastwood SB  involving MC and SUV as of 10:47 AM. 1 lane occupied MMDA on site. #mmda,https://twitter.com/mmda/status/1031737089656639489
8/21/2018,12:05 PM,EDSA CABRERA,14.537979,121.004863,SB,ONGOING DPWH ROAD PATCHING,1,,MMDA ALERT: Ongoing DPWH road patching at EDSA Cabrera SB as of 12:05 PM. 1 lane occupied.  MMDA on site. #mmda,https://twitter.com/mmda/status/1031756189321682944
8/21/2018,1:28 PM,LACSON F/O,14.609729,120.99272,SB,ONGOING DPWH ASPHALT LAYING,1,,MMDA ALERT: Ongoing DPWH Asphalt laying at Lacson f/o SB as of 1:28 PM. 1 lane occupied.  MMDA on site. #mmda,https://twitter.com/mmda/status/1031778102949494785
8/21/2018,3:03 PM,NORTH AVE. AGHAM,14.653739,121.038708,EB.,VEHICULAR ACCIDENT,2,VAN AND PUJ,MMDA ALERT: Vehicular accident at North Ave. Agham EB. involving van and PUJ as of 3:03 PM. 2 lanes occupied. MMDA enforcer on site. #mmda,https://twitter.com/mmda/status/1031801277779308544
8/21/2018,6:20 AM,MARCOS HIGHWAY LIGAYA,14.618807,121.092719,WB,VEHICULAR ACCIDENT,1,VAN AND SUV,MMDA ALERT: Vehicular accident at Marcos Highway Ligaya WB  involvingVan and SUV as of 6:20 AM. 1 lane occupied MMDA on site. #mmda,https://twitter.com/mmda/status/1032033284534857728
8/21/2018,6:30 AM,QUEZON AVENUE,14.639754,121.030335,WB,VEHICULAR ACCIDENT,1,BUS AND CAR,MMDA ALERT: Vehicular accident at Quezon Avenue WB  involving Bus and car as of 6:30 AM. 1 lane occupied MMDA on site. #mmd,https://twitter.com/mmda/status/1032033628551663616
8/21/2018,6:30 AM,QUEZON AVENUE,14.639754,121.030335,WB,VEHICULAR ACCIDENT,1,BUS AND CAR,MMDA ALERT: Vehicular accident at Quezon Avenue WB  involving Bus and car as of 6:30 AM. 1 lane occupied MMDA on site. #mmda,https://twitter.com/mmda/status/1032033651066724352
8/21/2018,6:39 AM,EDSA AYALA TUNNEL,14.550028,121.029058,NB,STALLED L300 DUE TO MECHANICAL PROBLEM,1,L300,MMDA ALERT: Stalled L300 due to mechanical problem at EDSA Ayala Tunnel NB as of 6:39 AM. 1 lane occupied. MMDA enforcer on site. #mmda,https://twitter.com/mmda/status/1032035752467554304
8/21/2018,6:41 AM,EDSA NEPA Q-MART,14.627928,121.047259,NB,VEHICULAR ACCIDENT,1,BUS AND CAR,MMDA ALERT: Vehicular accident at EDSA Nepa Q-Mart NB  involving Bus and car as of  6:41 AM. 1 lane occupied MMDA on site. #mmda,https://twitter.com/mmda/status/1032036229607448577
8/21/2018,6:42 AM,EDSA P. TUAZON,14.616404,121.052548,SB,VEHICULAR ACCIDENT,1,2 SUV'S,MMDA ALERT: Vehicular accident at EDSA P. Tuazon SB  involving 2 SUV's as of  6:42 AM. 1 lane occupied MMDA on site. #mmda,https://twitter.com/mmda/status/1032036565961175040
8/21/2018,6:48 AM,C5 GREENMEADOWS,14.601442,121.079351,SB,VEHICULAR ACCIDENT,1,CAR AND MC,MMDA ALERT: Vehicular accident at C5 Greenmeadows SB involving car and Mc as of  6:48 AM. 1 lane occupied MMDA on site. #mmda,https://twitter.com/mmda/status/1032040486033219585
8/21/2018,7:16 AM,COMMONWEALTH LUZON,14.66533,121.070469,WB,VEHICULAR ACCIDENT,1,SUV AND PUJ,MMDA ALERT: Vehicular accident at Commonwealth Luzon WB involving SUV and PUJ as of  7:16 AM. 1 lane occupied MMDA on site. #mmda,https://twitter.com/mmda/status/1032046835903295488
8/21/2018,7:20 AM,LUZON F/O,14.665241,121.070339,SB,VEHICULAR ACCIDENT,1,CAR AND SUV,MMDA ALERT: Vehicular accident at Luzon f/o SB involving car and SUV as of  7:20 AM. 1 lane occupied MMDA on site. #mmda,https://twitter.com/mmda/status/1032047326804598784
8/21/2018,7:21 AM,ELLIPTICAL,14.65424,121.049788,DAR,VEHICULAR ACCIDENT,1,CAR AND VAN,MMDA ALERT: Vehicular accident at Elliptical DAR involving car and van as of 7:21 AM. 1 lane occupied MMDA on site. #mmda,https://twitter.com/mmda/status/1032048636073455616
8/21/2018,7:27 AM,EDSA P. TUAZON TUNNEL,14.616404,121.052548,SB,STALLED BUS DUE TO MECHANICAL PROBLEM,1,BUS,MMDA ALERT: Stalled bus due to mechanical problem at EDSA P. Tuazon tunnel SB as of 7:27 AM. 1 lane occupied. MMDA enforcer on site. #mmda,https://twitter.com/mmda/status/1032050747511201792
8/21/2018,6:20 AM,MARCOS HIGHWAY LIGAYA,14.618807,121.092719,WB,VEHICULAR ACCIDENT,1,VAN AND SUV,MMDA ALERT: Vehicular accident at Marcos Highway Ligaya WB  involvingVan and SUV as of 6:20 AM. 1 lane occupied MMDA on site. #mmda,https://twitter.com/mmda/status/1032033284534857728
8/21/2018,6:30 AM,QUEZON AVENUE,14.639754,121.030335,WB,VEHICULAR ACCIDENT,1,BUS AND CAR,MMDA ALERT: Vehicular accident at Quezon Avenue WB  involving Bus and car as of 6:30 AM. 1 lane occupied MMDA on site. #mmd,https://twitter.com/mmda/status/1032033628551663616
8/21/2018,6:30 AM,QUEZON AVENUE,14.639754,121.030335,WB,VEHICULAR ACCIDENT,1,BUS AND CAR,MMDA ALERT: Vehicular accident at Quezon Avenue WB  involving Bus and car as of 6:30 AM. 1 lane occupied MMDA on site. #mmda,https://twitter.com/mmda/status/1032033651066724352
8/21/2018,6:39 AM,EDSA AYALA TUNNEL,14.550028,121.029058,NB,STALLED L300 DUE TO MECHANICAL PROBLEM,1,L300,MMDA ALERT: Stalled L300 due to mechanical problem at EDSA Ayala Tunnel NB as of 6:39 AM. 1 lane occupied. MMDA enforcer on site. #mmda,https://twitter.com/mmda/status/1032035752467554304
8/21/2018,6:41 AM,EDSA NEPA Q-MART,14.627928,121.047259,NB,VEHICULAR ACCIDENT,1,BUS AND CAR,MMDA ALERT: Vehicular accident at EDSA Nepa Q-Mart NB  involving Bus and car as of  6:41 AM. 1 lane occupied MMDA on site. #mmda,https://twitter.com/mmda/status/1032036229607448577
8/21/2018,6:42 AM,EDSA P. TUAZON,14.616404,121.052548,SB,VEHICULAR ACCIDENT,1,2 SUV'S,MMDA ALERT: Vehicular accident at EDSA P. Tuazon SB  involving 2 SUV's as of  6:42 AM. 1 lane occupied MMDA on site. #mmda,https://twitter.com/mmda/status/1032036565961175040
8/21/2018,6:48 AM,C5 GREENMEADOWS,14.601442,121.079351,SB,VEHICULAR ACCIDENT,1,CAR AND MC,MMDA ALERT: Vehicular accident at C5 Greenmeadows SB involving car and Mc as of  6:48 AM. 1 lane occupied MMDA on site. #mmda,https://twitter.com/mmda/status/1032040486033219585
8/21/2018,7:16 AM,COMMONWEALTH LUZON,14.66533,121.070469,WB,VEHICULAR ACCIDENT,1,SUV AND PUJ,MMDA ALERT: Vehicular accident at Commonwealth Luzon WB involving SUV and PUJ as of  7:16 AM. 1 lane occupied MMDA on site. #mmda,https://twitter.com/mmda/status/1032046835903295488
8/21/2018,7:20 AM,LUZON F/O,14.665241,121.070339,SB,VEHICULAR ACCIDENT,1,CAR AND SUV,MMDA ALERT: Vehicular accident at Luzon f/o SB involving car and SUV as of  7:20 AM. 1 lane occupied MMDA on site. #mmda,https://twitter.com/mmda/status/1032047326804598784
8/21/2018,7:21 AM,ELLIPTICAL,14.65424,121.049788,DAR,VEHICULAR ACCIDENT,1,CAR AND VAN,MMDA ALERT: Vehicular accident at Elliptical DAR involving car and van as of 7:21 AM. 1 lane occupied MMDA on site. #mmda,https://twitter.com/mmda/status/1032048636073455616
8/21/2018,7:27 AM,EDSA P. TUAZON TUNNEL,14.616404,121.052548,SB,STALLED BUS DUE TO MECHANICAL PROBLEM,1,BUS,MMDA ALERT: Stalled bus due to mechanical problem at EDSA P. Tuazon tunnel SB as of 7:27 AM. 1 lane occupied. MMDA enforcer on site. #mmda,https://twitter.com/mmda/status/1032050747511201792
8/21/2018,6:41 AM,EDSA NEPA Q-MART,14.627928,121.047259,NB,VEHICULAR ACCIDENT,1,BUS AND CAR,MMDA ALERT: Vehicular accident at EDSA Nepa Q-Mart NB  involving Bus and car as of  6:41 AM. 1 lane occupied MMDA on site. #mmda,https://twitter.com/mmda/status/1032036229607448577
8/21/2018,6:42 AM,EDSA P. TUAZON,14.616404,121.052548,SB,VEHICULAR ACCIDENT,1,2 SUV'S,MMDA ALERT: Vehicular accident at EDSA P. Tuazon SB  involving 2 SUV's as of  6:42 AM. 1 lane occupied MMDA on site. #mmda,https://twitter.com/mmda/status/1032036565961175040
8/21/2018,6:48 AM,C5 GREENMEADOWS,14.601442,121.079351,SB,VEHICULAR ACCIDENT,1,CAR AND MC,MMDA ALERT: Vehicular accident at C5 Greenmeadows SB involving car and Mc as of  6:48 AM. 1 lane occupied MMDA on site. #mmda,https://twitter.com/mmda/status/1032040486033219585
8/21/2018,7:16 AM,COMMONWEALTH LUZON,14.66533,121.070469,WB,VEHICULAR ACCIDENT,1,SUV AND PUJ,MMDA ALERT: Vehicular accident at Commonwealth Luzon WB involving SUV and PUJ as of  7:16 AM. 1 lane occupied MMDA on site. #mmda,https://twitter.com/mmda/status/1032046835903295488
8/21/2018,7:20 AM,LUZON F/O,14.665241,121.070339,SB,VEHICULAR ACCIDENT,1,CAR AND SUV,MMDA ALERT: Vehicular accident at Luzon f/o SB involving car and SUV as of  7:20 AM. 1 lane occupied MMDA on site. #mmda,https://twitter.com/mmda/status/1032047326804598784
8/21/2018,7:21 AM,ELLIPTICAL,14.65424,121.049788,DAR,VEHICULAR ACCIDENT,1,CAR AND VAN,MMDA ALERT: Vehicular accident at Elliptical DAR involving car and van as of 7:21 AM. 1 lane occupied MMDA on site. #mmda,https://twitter.com/mmda/status/1032048636073455616
8/21/2018,7:27 AM,EDSA P. TUAZON TUNNEL,14.616404,121.052548,SB,STALLED BUS DUE TO MECHANICAL PROBLEM,1,BUS,MMDA ALERT: Stalled bus due to mechanical problem at EDSA P. Tuazon tunnel SB as of 7:27 AM. 1 lane occupied. MMDA enforcer on site. #mmda,https://twitter.com/mmda/status/1032050747511201792
8/21/2018,6:41 AM,EDSA NEPA Q-MART,14.627928,121.047259,NB,VEHICULAR ACCIDENT,1,BUS AND CAR,MMDA ALERT: Vehicular accident at EDSA Nepa Q-Mart NB  involving Bus and car as of  6:41 AM. 1 lane occupied MMDA on site. #mmda,https://twitter.com/mmda/status/1032036229607448577
8/21/2018,6:42 AM,EDSA P. TUAZON,14.616404,121.052548,SB,VEHICULAR ACCIDENT,1,2 SUV'S,MMDA ALERT: Vehicular accident at EDSA P. Tuazon SB  involving 2 SUV's as of  6:42 AM. 1 lane occupied MMDA on site. #mmda,https://twitter.com/mmda/status/1032036565961175040
8/21/2018,6:48 AM,C5 GREENMEADOWS,14.601442,121.079351,SB,VEHICULAR ACCIDENT,1,CAR AND MC,MMDA ALERT: Vehicular accident at C5 Greenmeadows SB involving car and Mc as of  6:48 AM. 1 lane occupied MMDA on site. #mmda,https://twitter.com/mmda/status/1032040486033219585
8/21/2018,7:16 AM,COMMONWEALTH LUZON,14.66533,121.070469,WB,VEHICULAR ACCIDENT,1,SUV AND PUJ,MMDA ALERT: Vehicular accident at Commonwealth Luzon WB involving SUV and PUJ as of  7:16 AM. 1 lane occupied MMDA on site. #mmda,https://twitter.com/mmda/status/1032046835903295488
8/21/2018,7:20 AM,LUZON F/O,14.665241,121.070339,SB,VEHICULAR ACCIDENT,1,CAR AND SUV,MMDA ALERT: Vehicular accident at Luzon f/o SB involving car and SUV as of  7:20 AM. 1 lane occupied MMDA on site. #mmda,https://twitter.com/mmda/status/1032047326804598784
8/21/2018,7:21 AM,ELLIPTICAL,14.65424,121.049788,DAR,VEHICULAR ACCIDENT,1,CAR AND VAN,MMDA ALERT: Vehicular accident at Elliptical DAR involving car and van as of 7:21 AM. 1 lane occupied MMDA on site. #mmda,https://twitter.com/mmda/status/1032048636073455616
8/21/2018,7:27 AM,EDSA P. TUAZON TUNNEL,14.616404,121.052548,SB,STALLED BUS DUE TO MECHANICAL PROBLEM,1,BUS,MMDA ALERT: Stalled bus due to mechanical problem at EDSA P. Tuazon tunnel SB as of 7:27 AM. 1 lane occupied. MMDA enforcer on site. #mmda,https://twitter.com/mmda/status/1032050747511201792
8/22/2018,8:15 AM,EDSA ESTRELLA,14.559818,121.040737,SB,VEHICULAR ACCIDENT,1,CAR AND AUV,MMDA ALERT: Vehicular accident at EDSA Estrella SB involving car and AUV as of 8:15 AM. 1 lane occupied MMDA on site. #mmda,https://twitter.com/mmda/status/1032062432057778177
8/22/2018,8:35 AM,EDSA RELIANCE,14.576702,121.050365,SB,VEHICULAR ACCIDENT,1,CAR AND MC,MMDA ALERT: Vehicular accident at EDSA Reliance SB involving car and MC as of 8:35 AM. 1 lane occupied MMDA on site. #mmda,https://twitter.com/mmda/status/1032067432230281217
8/22/2018,8:58 AM,QUEZON AVE. AGHAM,14.646323,121.040861,WB,VEHICULAR ACCIDENT,1,CAR AND AUV,MMDA ALERT: Vehicular accident at Quezon Ave. Agham WB involving car and AUV as of 8:58 AM. 1 lane occupied MMDA on site. #mmda,https://twitter.com/mmda/status/1032072441852354561
8/22/2018,8:59 AM,ROXAS BLVD. BUENDIA AVE.,14.552294,120.989491,NB,VEHICULAR ACCIDENT,1,CAR AND BUS,MMDA ALERT: Vehicular accident at Roxas blvd. Buendia Ave. NB involving car and bus as of 8:59 AM. 1 lane occupied MMDA on site. #mmda,https://twitter.com/mmda/status/1032075954338680832
8/22/2018,9:07 AM,MINDANAO ROAD 20,14.671786,121.032319,NB,ONGOING DPWH ROAD PATCHING,1,,MMDA ALERT: Ongoing DPWH Road Patching at Mindanao road 20 NB as of 9:07 AM. 1 lane occupied. MMDA on site. #mmda,https://twitter.com/mmda/status/1032076101613281280
8/22/2018,8:15 AM,EDSA ESTRELLA,14.559818,121.040737,SB,VEHICULAR ACCIDENT,1,CAR AND AUV,MMDA ALERT: Vehicular accident at EDSA Estrella SB involving car and AUV as of 8:15 AM. 1 lane occupied MMDA on site. #mmda,https://twitter.com/mmda/status/1032062432057778177
8/22/2018,8:35 AM,EDSA RELIANCE,14.576702,121.050365,SB,VEHICULAR ACCIDENT,1,CAR AND MC,MMDA ALERT: Vehicular accident at EDSA Reliance SB involving car and MC as of 8:35 AM. 1 lane occupied MMDA on site. #mmda,https://twitter.com/mmda/status/1032067432230281217
8/22/2018,8:58 AM,QUEZON AVE. AGHAM,14.646323,121.040861,WB,VEHICULAR ACCIDENT,1,CAR AND AUV,MMDA ALERT: Vehicular accident at Quezon Ave. Agham WB involving car and AUV as of 8:58 AM. 1 lane occupied MMDA on site. #mmda,https://twitter.com/mmda/status/1032072441852354561
8/22/2018,9:32 AM,B. SERRANO KATIPUNAN TUNNEL,14.61474,121.070685,SB,STALLED VAN DUE TO MECHANICAL PROBLEM,1,VAN,MMDA ALERT: Stalled van due to mechanical problem at B. Serrano Katipunan tunnel SB as of 9:32 AM. 1 lane occupied.… https://t.co/qTdfOdN4AQ,https://twitter.com/mmda/status/1032081665772769280
8/22/2018,10:15 AM,EDSA BUENDIA,14.554949,121.034967,SB,VEHICULAR ACCIDENT,1,TAXI AND BUS,MMDA ALERT: Vehicular accident at EDSA Buendia SB involving taxi and bus as of 10:15 AM. 1 lane occupied MMDA on site. #mmda,https://twitter.com/mmda/status/1032094428347822081
8/22/2018,10:37 AM,EDSA BUENDIA SPLIT,14.555822,121.035928,SB,VEHICULAR ACCIDENT,1,CAR AND SUV,MMDA ALERT: Vehicular accident at EDSA Buendia Split SB involving car and SUV as of 10:37 AM. 1 lane occupied MMDA on site. #mmda,https://twitter.com/mmda/status/1032099200312401925
8/22/2018,8:59 AM,ROXAS BLVD. BUENDIA AVE.,14.552294,120.989491,NB,VEHICULAR ACCIDENT,1,CAR AND BUS,MMDA ALERT: Vehicular accident at Roxas blvd. Buendia Ave. NB involving car and bus as of 8:59 AM. 1 lane occupied MMDA on site. #mmda,https://twitter.com/mmda/status/1032075954338680832
8/22/2018,10:51 AM,EDSA PET PLANS,14.561892,121.04307,SB,VEHICULAR ACCIDENT,1,CAR AND VAN,MMDA ALERT: Vehicular accident at EDSA Pet Plans SB involving car and van as of 10:51 AM. 1 lane occupied MMDA on site. #mmda,https://twitter.com/mmda/status/1032099414154735618
8/22/2018,8:15 AM,EDSA ESTRELLA,14.559818,121.040737,SB,VEHICULAR ACCIDENT,1,CAR AND AUV,MMDA ALERT: Vehicular accident at EDSA Estrella SB involving car and AUV as of 8:15 AM. 1 lane occupied MMDA on site. #mmda,https://twitter.com/mmda/status/1032062432057778177
8/22/2018,8:35 AM,EDSA RELIANCE,14.576702,121.050365,SB,VEHICULAR ACCIDENT,1,CAR AND MC,MMDA ALERT: Vehicular accident at EDSA Reliance SB involving car and MC as of 8:35 AM. 1 lane occupied MMDA on site. #mmda,https://twitter.com/mmda/status/1032067432230281217
8/22/2018,8:58 AM,QUEZON AVE. AGHAM,14.646323,121.040861,WB,VEHICULAR ACCIDENT,1,CAR AND AUV,MMDA ALERT: Vehicular accident at Quezon Ave. Agham WB involving car and AUV as of 8:58 AM. 1 lane occupied MMDA on site. #mmda,https://twitter.com/mmda/status/1032072441852354561
8/22/2018,9:07 AM,MINDANAO ROAD 20,14.671786,121.032319,NB,ONGOING DPWH ROAD PATCHING,1,,MMDA ALERT: Ongoing DPWH Road Patching at Mindanao road 20 NB as of 9:07 AM. 1 lane occupied. MMDA on site. #mmda,https://twitter.com/mmda/status/1032076101613281280
8/22/2018,10:58 AM,C5 LIBIS,14.603015,121.079256,NB,VEHICULAR ACCIDENT,1,PICK UP ELF TRUCK,MMDA ALERT: Vehicular accident at C5 Libis NB involving pick up elf truck as of 10:58 AM. 1 lane occupied MMDA on site. #mmda,https://twitter.com/mmda/status/1032103520558673921
8/22/2018,9:32 AM,B. SERRANO KATIPUNAN TUNNEL,14.61474,121.070685,SB,STALLED VAN DUE TO MECHANICAL PROBLEM,1,VAN,MMDA ALERT: Stalled van due to mechanical problem at B. Serrano Katipunan tunnel SB as of 9:32 AM. 1 lane occupied.… https://t.co/qTdfOdN4AQ,https://twitter.com/mmda/status/1032081665772769280
8/22/2018,10:15 AM,EDSA BUENDIA,14.554949,121.034967,SB,VEHICULAR ACCIDENT,1,TAXI AND BUS,MMDA ALERT: Vehicular accident at EDSA Buendia SB involving taxi and bus as of 10:15 AM. 1 lane occupied MMDA on site. #mmda,https://twitter.com/mmda/status/1032094428347822081
8/22/2018,10:37 AM,EDSA BUENDIA SPLIT,14.555822,121.035928,SB,VEHICULAR ACCIDENT,1,CAR AND SUV,MMDA ALERT: Vehicular accident at EDSA Buendia Split SB involving car and SUV as of 10:37 AM. 1 lane occupied MMDA on site. #mmda,https://twitter.com/mmda/status/1032099200312401925
8/22/2018,8:59 AM,ROXAS BLVD. BUENDIA AVE.,14.552294,120.989491,NB,VEHICULAR ACCIDENT,1,CAR AND BUS,MMDA ALERT: Vehicular accident at Roxas blvd. Buendia Ave. NB involving car and bus as of 8:59 AM. 1 lane occupied MMDA on site. #mmda,https://twitter.com/mmda/status/1032075954338680832
8/22/2018,10:51 AM,EDSA PET PLANS,14.561892,121.04307,SB,VEHICULAR ACCIDENT,1,CAR AND VAN,MMDA ALERT: Vehicular accident at EDSA Pet Plans SB involving car and van as of 10:51 AM. 1 lane occupied MMDA on site. #mmda,https://twitter.com/mmda/status/1032099414154735618
8/22/2018,8:15 AM,EDSA ESTRELLA,14.559818,121.040737,SB,VEHICULAR ACCIDENT,1,CAR AND AUV,MMDA ALERT: Vehicular accident at EDSA Estrella SB involving car and AUV as of 8:15 AM. 1 lane occupied MMDA on site. #mmda,https://twitter.com/mmda/status/1032062432057778177
8/22/2018,8:35 AM,EDSA RELIANCE,14.576702,121.050365,SB,VEHICULAR ACCIDENT,1,CAR AND MC,MMDA ALERT: Vehicular accident at EDSA Reliance SB involving car and MC as of 8:35 AM. 1 lane occupied MMDA on site. #mmda,https://twitter.com/mmda/status/1032067432230281217
8/22/2018,8:58 AM,QUEZON AVE. AGHAM,14.646323,121.040861,WB,VEHICULAR ACCIDENT,1,CAR AND AUV,MMDA ALERT: Vehicular accident at Quezon Ave. Agham WB involving car and AUV as of 8:58 AM. 1 lane occupied MMDA on site. #mmda,https://twitter.com/mmda/status/1032072441852354561
8/22/2018,9:07 AM,MINDANAO ROAD 20,14.671786,121.032319,NB,ONGOING DPWH ROAD PATCHING,1,,MMDA ALERT: Ongoing DPWH Road Patching at Mindanao road 20 NB as of 9:07 AM. 1 lane occupied. MMDA on site. #mmda,https://twitter.com/mmda/status/1032076101613281280
8/22/2018,10:58 AM,C5 LIBIS,14.603015,121.079256,NB,VEHICULAR ACCIDENT,1,PICK UP ELF TRUCK,MMDA ALERT: Vehicular accident at C5 Libis NB involving pick up elf truck as of 10:58 AM. 1 lane occupied MMDA on site. #mmda,https://twitter.com/mmda/status/1032103520558673921
8/22/2018,1:40 PM,EDSA STARMALL,14.582431,121.054467,SB,VEHICULAR ACCIDENT,1,2 BUSES,MMDA ALERT: Vehicular accident at EDSA Starmall SB involving 2 buses as of 1:40 PM. 1 lane occupied MMDA on site. #mmda,https://twitter.com/mmda/status/1032142239579815936
8/22/2018,2:01 PM,ELLIPTICAL,14.65424,121.049788,,STALLED JEEP DUE TO MECHANICAL DEFECT,1,JEEP,MMDA ALERT: Stalled jeep due to mechanical defect at Elliptical Road frontng NHA as of 2:01 PM. 1 lane occupied. MM… https://t.co/jKNJ0qL96Y,https://twitter.com/mmda/status/1032148785902759936
8/22/2018,2:05 PM,EDSA QUEZON AVENUE FLYOVER,14.582431,121.054467,NB,VEHICULAR ACCIDENT,1,MOTORCYCLE,MMDA ALERT: Vehicular accident at EDSA Quezon avenue flyover NB involving motorcycle  as of 2:05 PM. 1 lane occupie… https://t.co/slXbNZ5r7J,https://twitter.com/mmda/status/1032150340919939073
8/22/2018,2:13 PM,ELLIPTICAL,14.65424,121.049788,,VEHICULAR ACCIDENT,1,VAN AND CAR,MMDA ALERT: Vehicular accident at Elliptical Road fronting NHA involving van and car as of 2:13 PM. 1 lane occupied… https://t.co/lORwYaMwWT,https://twitter.com/mmda/status/1032151572782837760
8/22/2018,9:32 AM,B. SERRANO KATIPUNAN TUNNEL,14.61474,121.070685,SB,STALLED VAN DUE TO MECHANICAL PROBLEM,1,VAN,MMDA ALERT: Stalled van due to mechanical problem at B. Serrano Katipunan tunnel SB as of 9:32 AM. 1 lane occupied.… https://t.co/qTdfOdN4AQ,https://twitter.com/mmda/status/1032081665772769280
8/22/2018,10:15 AM,EDSA BUENDIA,14.554949,121.034967,SB,VEHICULAR ACCIDENT,1,TAXI AND BUS,MMDA ALERT: Vehicular accident at EDSA Buendia SB involving taxi and bus as of 10:15 AM. 1 lane occupied MMDA on site. #mmda,https://twitter.com/mmda/status/1032094428347822081
8/22/2018,10:37 AM,EDSA BUENDIA SPLIT,14.555822,121.035928,SB,VEHICULAR ACCIDENT,1,CAR AND SUV,MMDA ALERT: Vehicular accident at EDSA Buendia Split SB involving car and SUV as of 10:37 AM. 1 lane occupied MMDA on site. #mmda,https://twitter.com/mmda/status/1032099200312401925
8/22/2018,8:15 AM,EDSA ESTRELLA,14.559818,121.040737,SB,VEHICULAR ACCIDENT,1,CAR AND AUV,MMDA ALERT: Vehicular accident at EDSA Estrella SB involving car and AUV as of 8:15 AM. 1 lane occupied MMDA on site. #mmda,https://twitter.com/mmda/status/1032062432057778177
8/22/2018,8:59 AM,ROXAS BLVD. BUENDIA AVE.,14.552294,120.989491,NB,VEHICULAR ACCIDENT,1,CAR AND BUS,MMDA ALERT: Vehicular accident at Roxas blvd. Buendia Ave. NB involving car and bus as of 8:59 AM. 1 lane occupied MMDA on site. #mmda,https://twitter.com/mmda/status/1032075954338680832
8/22/2018,10:51 AM,EDSA PET PLANS,14.561892,121.04307,SB,VEHICULAR ACCIDENT,1,CAR AND VAN,MMDA ALERT: Vehicular accident at EDSA Pet Plans SB involving car and van as of 10:51 AM. 1 lane occupied MMDA on site. #mmda,https://twitter.com/mmda/status/1032099414154735618
8/22/2018,8:35 AM,EDSA RELIANCE,14.576702,121.050365,SB,VEHICULAR ACCIDENT,1,CAR AND MC,MMDA ALERT: Vehicular accident at EDSA Reliance SB involving car and MC as of 8:35 AM. 1 lane occupied MMDA on site. #mmda,https://twitter.com/mmda/status/1032067432230281217
8/22/2018,8:58 AM,QUEZON AVE. AGHAM,14.646323,121.040861,WB,VEHICULAR ACCIDENT,1,CAR AND AUV,MMDA ALERT: Vehicular accident at Quezon Ave. Agham WB involving car and AUV as of 8:58 AM. 1 lane occupied MMDA on site. #mmda,https://twitter.com/mmda/status/1032072441852354561
8/22/2018,9:07 AM,MINDANAO ROAD 20,14.671786,121.032319,NB,ONGOING DPWH ROAD PATCHING,1,,MMDA ALERT: Ongoing DPWH Road Patching at Mindanao road 20 NB as of 9:07 AM. 1 lane occupied. MMDA on site. #mmda,https://twitter.com/mmda/status/1032076101613281280
8/22/2018,2:21 PM,ROXAS BLVD. P.OCAMPO,14.559551,120.987075,SB,MULTIPLE COLLISION,1,"2 VAN, AUV AND TAXI","MMDA ALERT: Multiple collision at Roxas Blvd. P.Ocampo SB involving 2 van, AUV and taxi as of 2:21 PM. 1 lane occup… https://t.co/9kJERH2h1f",https://twitter.com/mmda/status/1032154510578212864
8/22/2018,10:58 AM,C5 LIBIS,14.603015,121.079256,NB,VEHICULAR ACCIDENT,1,PICK UP ELF TRUCK,MMDA ALERT: Vehicular accident at C5 Libis NB involving pick up elf truck as of 10:58 AM. 1 lane occupied MMDA on site. #mmda,https://twitter.com/mmda/status/1032103520558673921
8/22/2018,1:40 PM,EDSA STARMALL,14.582431,121.054467,SB,VEHICULAR ACCIDENT,1,2 BUSES,MMDA ALERT: Vehicular accident at EDSA Starmall SB involving 2 buses as of 1:40 PM. 1 lane occupied MMDA on site. #mmda,https://twitter.com/mmda/status/1032142239579815936
8/22/2018,2:01 PM,ELLIPTICAL,14.65424,121.049788,,STALLED JEEP DUE TO MECHANICAL DEFECT,1,JEEP,MMDA ALERT: Stalled jeep due to mechanical defect at Elliptical Road frontng NHA as of 2:01 PM. 1 lane occupied. MM… https://t.co/jKNJ0qL96Y,https://twitter.com/mmda/status/1032148785902759936
8/22/2018,2:05 PM,EDSA QUEZON AVENUE FLYOVER,14.582431,121.054467,NB,VEHICULAR ACCIDENT,1,MOTORCYCLE,MMDA ALERT: Vehicular accident at EDSA Quezon avenue flyover NB involving motorcycle  as of 2:05 PM. 1 lane occupie… https://t.co/slXbNZ5r7J,https://twitter.com/mmda/status/1032150340919939073
8/22/2018,2:43 PM,AURORA BLVD. KATIPUNAN,14.631692,121.074217,EB,STALLED TRUCK DUE TO MECHANICAL DEFECT,1,TRUCK,MMDA ALERT: Stalled truck due to mechanical defect at Aurora Blvd. Katipunan EB as of 2:43 PM. 1 lane occupied. MMDA enforcer on site. #mmda,https://twitter.com/mmda/status/1032158101107961857
8/22/2018,8:15 AM,EDSA ESTRELLA,14.559818,121.040737,SB,VEHICULAR ACCIDENT,1,CAR AND AUV,MMDA ALERT: Vehicular accident at EDSA Estrella SB involving car and AUV as of 8:15 AM. 1 lane occupied MMDA on site. #mmda,https://twitter.com/mmda/status/1032062432057778177
8/22/2018,9:32 AM,B. SERRANO KATIPUNAN TUNNEL,14.61474,121.070685,SB,STALLED VAN DUE TO MECHANICAL PROBLEM,1,VAN,MMDA ALERT: Stalled van due to mechanical problem at B. Serrano Katipunan tunnel SB as of 9:32 AM. 1 lane occupied.… https://t.co/qTdfOdN4AQ,https://twitter.com/mmda/status/1032081665772769280
8/22/2018,10:15 AM,EDSA BUENDIA,14.554949,121.034967,SB,VEHICULAR ACCIDENT,1,TAXI AND BUS,MMDA ALERT: Vehicular accident at EDSA Buendia SB involving taxi and bus as of 10:15 AM. 1 lane occupied MMDA on site. #mmda,https://twitter.com/mmda/status/1032094428347822081
8/22/2018,10:37 AM,EDSA BUENDIA SPLIT,14.555822,121.035928,SB,VEHICULAR ACCIDENT,1,CAR AND SUV,MMDA ALERT: Vehicular accident at EDSA Buendia Split SB involving car and SUV as of 10:37 AM. 1 lane occupied MMDA on site. #mmda,https://twitter.com/mmda/status/1032099200312401925
8/22/2018,2:13 PM,ELLIPTICAL,14.65424,121.049788,,VEHICULAR ACCIDENT,1,VAN AND CAR,MMDA ALERT: Vehicular accident at Elliptical Road fronting NHA involving van and car as of 2:13 PM. 1 lane occupied… https://t.co/lORwYaMwWT,https://twitter.com/mmda/status/1032151572782837760
8/22/2018,8:35 AM,EDSA RELIANCE,14.576702,121.050365,SB,VEHICULAR ACCIDENT,1,CAR AND MC,MMDA ALERT: Vehicular accident at EDSA Reliance SB involving car and MC as of 8:35 AM. 1 lane occupied MMDA on site. #mmda,https://twitter.com/mmda/status/1032067432230281217
8/22/2018,8:58 AM,QUEZON AVE. AGHAM,14.646323,121.040861,WB,VEHICULAR ACCIDENT,1,CAR AND AUV,MMDA ALERT: Vehicular accident at Quezon Ave. Agham WB involving car and AUV as of 8:58 AM. 1 lane occupied MMDA on site. #mmda,https://twitter.com/mmda/status/1032072441852354561
8/22/2018,8:59 AM,ROXAS BLVD. BUENDIA AVE.,14.552294,120.989491,NB,VEHICULAR ACCIDENT,1,CAR AND BUS,MMDA ALERT: Vehicular accident at Roxas blvd. Buendia Ave. NB involving car and bus as of 8:59 AM. 1 lane occupied MMDA on site. #mmda,https://twitter.com/mmda/status/1032075954338680832
8/22/2018,9:07 AM,MINDANAO ROAD 20,14.671786,121.032319,NB,ONGOING DPWH ROAD PATCHING,1,,MMDA ALERT: Ongoing DPWH Road Patching at Mindanao road 20 NB as of 9:07 AM. 1 lane occupied. MMDA on site. #mmda,https://twitter.com/mmda/status/1032076101613281280
8/22/2018,10:51 AM,EDSA PET PLANS,14.561892,121.04307,SB,VEHICULAR ACCIDENT,1,CAR AND VAN,MMDA ALERT: Vehicular accident at EDSA Pet Plans SB involving car and van as of 10:51 AM. 1 lane occupied MMDA on site. #mmda,https://twitter.com/mmda/status/1032099414154735618
8/22/2018,2:44 PM,KATIPUNAN ATENEO,14.638481,121.07454,SB,STALLED TRUCK DUE TO MECHANICAL DEFECT KATIPUNAN,1,TRUCK,MMDA ALERT: Stalled truck due to mechanical defect at Katipunan Ateneo SB as of 2:44 PM. 1 lane occupied. MMDA enforcer on site. #mmda,https://twitter.com/mmda/status/1032159302935404544
8/22/2018,2:50 PM,AURORA BLVD. KATIPUNAN,14.631692,121.074217,WB,VEHICULAR ACCIDENT,1,VAN AND MOTORCYCLE,MMDA ALERT: Vehicular accident at Aurora Blvd. Katipunan WB involving van and Motorcycle as of 2:50 PM. 1 lane occu… https://t.co/CuWOcRCENk,https://twitter.com/mmda/status/1032159652669079552
8/22/2018,2:50 PM,MARCOS HIGHWAY TOWN AND COUNTRY,14.621658,121.106498,EB,VEHICULAR ACCIDENT,1,ELF TRUCK AND MOTORCYCLE,MMDA ALERT: Vehicular accident at Marcos Highway Town and Country EB involving Elf truck and motorcycle as of 3:22… https://t.co/02B3BcU8OX,https://twitter.com/mmda/status/1032173330575413248
8/22/2018,8:15 AM,EDSA ESTRELLA,14.559818,121.040737,SB,VEHICULAR ACCIDENT,1,CAR AND AUV,MMDA ALERT: Vehicular accident at EDSA Estrella SB involving car and AUV as of 8:15 AM. 1 lane occupied MMDA on site. #mmda,https://twitter.com/mmda/status/1032062432057778177
8/22/2018,9:32 AM,B. SERRANO KATIPUNAN TUNNEL,14.61474,121.070685,SB,STALLED VAN DUE TO MECHANICAL PROBLEM,1,VAN,MMDA ALERT: Stalled van due to mechanical problem at B. Serrano Katipunan tunnel SB as of 9:32 AM. 1 lane occupied.… https://t.co/qTdfOdN4AQ,https://twitter.com/mmda/status/1032081665772769280
8/22/2018,10:58 AM,C5 LIBIS,14.603015,121.079256,NB,VEHICULAR ACCIDENT,1,PICK UP ELF TRUCK,MMDA ALERT: Vehicular accident at C5 Libis NB involving pick up elf truck as of 10:58 AM. 1 lane occupied MMDA on site. #mmda,https://twitter.com/mmda/status/1032103520558673921
8/22/2018,1:40 PM,EDSA STARMALL,14.582431,121.054467,SB,VEHICULAR ACCIDENT,1,2 BUSES,MMDA ALERT: Vehicular accident at EDSA Starmall SB involving 2 buses as of 1:40 PM. 1 lane occupied MMDA on site. #mmda,https://twitter.com/mmda/status/1032142239579815936
8/22/2018,2:01 PM,ELLIPTICAL,14.65424,121.049788,,STALLED JEEP DUE TO MECHANICAL DEFECT,1,JEEP,MMDA ALERT: Stalled jeep due to mechanical defect at Elliptical Road frontng NHA as of 2:01 PM. 1 lane occupied. MM… https://t.co/jKNJ0qL96Y,https://twitter.com/mmda/status/1032148785902759936
8/22/2018,2:05 PM,EDSA QUEZON AVENUE FLYOVER,14.582431,121.054467,NB,VEHICULAR ACCIDENT,1,MOTORCYCLE,MMDA ALERT: Vehicular accident at EDSA Quezon avenue flyover NB involving motorcycle  as of 2:05 PM. 1 lane occupie… https://t.co/slXbNZ5r7J,https://twitter.com/mmda/status/1032150340919939073
8/22/2018,2:21 PM,ROXAS BLVD. P.OCAMPO,14.559551,120.987075,SB,MULTIPLE COLLISION,1,"2 VAN, AUV AND TAXI","MMDA ALERT: Multiple collision at Roxas Blvd. P.Ocampo SB involving 2 van, AUV and taxi as of 2:21 PM. 1 lane occup… https://t.co/9kJERH2h1f",https://twitter.com/mmda/status/1032154510578212864
8/22/2018,2:43 PM,AURORA BLVD. KATIPUNAN,14.631692,121.074217,EB,STALLED TRUCK DUE TO MECHANICAL DEFECT,1,TRUCK,MMDA ALERT: Stalled truck due to mechanical defect at Aurora Blvd. Katipunan EB as of 2:43 PM. 1 lane occupied. MMDA enforcer on site. #mmda,https://twitter.com/mmda/status/1032158101107961857
8/22/2018,3:31 PM,EDSA MONTE DE PIEDAD,14.62385,121.049123,,STALLED BUS DUE TO MECHANICAL DEFECT,1,BUS,MMDA ALERT: Stalled bus due to mechanical defect at  EDSA Monte De Piedad as of 3:31 PM. 1 lane occupied. MMDA enforcer on site. #MMDA,https://twitter.com/mmda/status/1032179817188286464
8/22/2018,3:47 PM,COMMONWEALTH ATHERTON,14.708553,121.062717,EB,VEHICULAR ACCIDENT COMMONWEALTH,1,MOTORCYCLE AND PEDESTRIAN,MMDA ALERT: Vehicular accident at Commonwealth Atherton EB involving motorcycle and pedestrian as of 3:47 PM. 1 lan… https://t.co/5T7eF6NIzd,https://twitter.com/mmda/status/1032179863287816192
8/22/2018,4:18 PM,EDSA BUENDIA,14.554949,121.034967,NB,VEHICULAR ACCIDENT,1,CAR AND VAN,MMDA ALERT: Vehicular accident at EDSA Buendia NB involving car and van as of 4:18 PM. 1 lane occupied. MMDA enforcer on site. #mmda,https://twitter.com/mmda/status/1032188783045705728
8/22/2018,4:19 PM,KATIPUNAN CP GARCIA,14.648291,121.0744,NB,VEHICULAR ACCIDENT KAT,1,CAR AND TAXI,MMDA ALERT: Vehicular accident at Katipunan CP Garcia NB involving car and taxi as of 4:19 PM. 1 lane occupied. MMDA enforcer on site. #mmda,https://twitter.com/mmda/status/1032189901112926208
8/22/2018,4:40 PM,C5 CALLE INDUSTRIA,14.605472,121.079122,NB,VEHICULAR ACCIDENT,1,CAR AND TAXI,MMDA ALERT: Vehicular accident at C5 Calle Industria NB involving car and taxi as of 4:40 PM. 1 lane occupied. MMDA enforcer on site. #mmda,https://twitter.com/mmda/status/1032192555335606277
8/22/2018,8:15 AM,EDSA ESTRELLA,14.559818,121.040737,SB,VEHICULAR ACCIDENT,1,CAR AND AUV,MMDA ALERT: Vehicular accident at EDSA Estrella SB involving car and AUV as of 8:15 AM. 1 lane occupied MMDA on site. #mmda,https://twitter.com/mmda/status/1032062432057778177
8/22/2018,8:35 AM,EDSA RELIANCE,14.576702,121.050365,SB,VEHICULAR ACCIDENT,1,CAR AND MC,MMDA ALERT: Vehicular accident at EDSA Reliance SB involving car and MC as of 8:35 AM. 1 lane occupied MMDA on site. #mmda,https://twitter.com/mmda/status/1032067432230281217
8/22/2018,8:58 AM,QUEZON AVE. AGHAM,14.646323,121.040861,WB,VEHICULAR ACCIDENT,1,CAR AND AUV,MMDA ALERT: Vehicular accident at Quezon Ave. Agham WB involving car and AUV as of 8:58 AM. 1 lane occupied MMDA on site. #mmda,https://twitter.com/mmda/status/1032072441852354561
8/22/2018,8:59 AM,ROXAS BLVD. BUENDIA AVE.,14.552294,120.989491,NB,VEHICULAR ACCIDENT,1,CAR AND BUS,MMDA ALERT: Vehicular accident at Roxas blvd. Buendia Ave. NB involving car and bus as of 8:59 AM. 1 lane occupied MMDA on site. #mmda,https://twitter.com/mmda/status/1032075954338680832
8/22/2018,9:07 AM,MINDANAO ROAD 20,14.671786,121.032319,NB,ONGOING DPWH ROAD PATCHING,1,,MMDA ALERT: Ongoing DPWH Road Patching at Mindanao road 20 NB as of 9:07 AM. 1 lane occupied. MMDA on site. #mmda,https://twitter.com/mmda/status/1032076101613281280
8/22/2018,9:32 AM,B. SERRANO KATIPUNAN TUNNEL,14.61474,121.070685,SB,STALLED VAN DUE TO MECHANICAL PROBLEM,1,VAN,MMDA ALERT: Stalled van due to mechanical problem at B. Serrano Katipunan tunnel SB as of 9:32 AM. 1 lane occupied.… https://t.co/qTdfOdN4AQ,https://twitter.com/mmda/status/1032081665772769280
8/22/2018,10:15 AM,EDSA BUENDIA,14.554949,121.034967,SB,VEHICULAR ACCIDENT,1,TAXI AND BUS,MMDA ALERT: Vehicular accident at EDSA Buendia SB involving taxi and bus as of 10:15 AM. 1 lane occupied MMDA on site. #mmda,https://twitter.com/mmda/status/1032094428347822081
8/22/2018,10:37 AM,EDSA BUENDIA SPLIT,14.555822,121.035928,SB,VEHICULAR ACCIDENT,1,CAR AND SUV,MMDA ALERT: Vehicular accident at EDSA Buendia Split SB involving car and SUV as of 10:37 AM. 1 lane occupied MMDA on site. #mmda,https://twitter.com/mmda/status/1032099200312401925
8/22/2018,10:51 AM,EDSA PET PLANS,14.561892,121.04307,SB,VEHICULAR ACCIDENT,1,CAR AND VAN,MMDA ALERT: Vehicular accident at EDSA Pet Plans SB involving car and van as of 10:51 AM. 1 lane occupied MMDA on site. #mmda,https://twitter.com/mmda/status/1032099414154735618
8/22/2018,2:13 PM,ELLIPTICAL,14.65424,121.049788,,VEHICULAR ACCIDENT,1,VAN AND CAR,MMDA ALERT: Vehicular accident at Elliptical Road fronting NHA involving van and car as of 2:13 PM. 1 lane occupied… https://t.co/lORwYaMwWT,https://twitter.com/mmda/status/1032151572782837760
8/22/2018,2:44 PM,KATIPUNAN ATENEO,14.638481,121.07454,SB,STALLED TRUCK DUE TO MECHANICAL DEFECT KATIPUNAN,1,TRUCK,MMDA ALERT: Stalled truck due to mechanical defect at Katipunan Ateneo SB as of 2:44 PM. 1 lane occupied. MMDA enforcer on site. #mmda,https://twitter.com/mmda/status/1032159302935404544
8/22/2018,2:50 PM,AURORA BLVD. KATIPUNAN,14.631692,121.074217,WB,VEHICULAR ACCIDENT,1,VAN AND MOTORCYCLE,MMDA ALERT: Vehicular accident at Aurora Blvd. Katipunan WB involving van and Motorcycle as of 2:50 PM. 1 lane occu… https://t.co/CuWOcRCENk,https://twitter.com/mmda/status/1032159652669079552
8/22/2018,2:50 PM,MARCOS HIGHWAY TOWN AND COUNTRY,14.621658,121.106498,EB,VEHICULAR ACCIDENT,1,ELF TRUCK AND MOTORCYCLE,MMDA ALERT: Vehicular accident at Marcos Highway Town and Country EB involving Elf truck and motorcycle as of 3:22… https://t.co/02B3BcU8OX,https://twitter.com/mmda/status/1032173330575413248
8/22/2018,4:44 PM,C3 A.BONIFACIO,14.643822,120.993705,WB,STALLED TRUCK DUE TO MECHANICAL PROBLEM,1,TRUCK,MMDA ALERT: Stalled truck due to mechanical problem at C3 A.Bonifacio WB as of 4:44 PM. 1 lane occupied. MMDA enforcer on site. #mmda,https://twitter.com/mmda/status/1032192979656560640
8/22/2018,5:24 PM,EDSA STARMALL SERVICE ROAD,14.582431,121.054467,SB,VEHICULAR ACCIDENT,2,2 BUS,MMDA ALERT: Vehicular accident at EDSA Starmall Service Road SB involving 2 bus as of 5:24 PM. 2 lane occupied. MMDA enforcer on site. #mmda,https://twitter.com/mmda/status/1032199257392992256
8/22/2018,8:15 AM,EDSA ESTRELLA,14.559818,121.040737,SB,VEHICULAR ACCIDENT,1,CAR AND AUV,MMDA ALERT: Vehicular accident at EDSA Estrella SB involving car and AUV as of 8:15 AM. 1 lane occupied MMDA on site. #mmda,https://twitter.com/mmda/status/1032062432057778177
8/22/2018,8:35 AM,EDSA RELIANCE,14.576702,121.050365,SB,VEHICULAR ACCIDENT,1,CAR AND MC,MMDA ALERT: Vehicular accident at EDSA Reliance SB involving car and MC as of 8:35 AM. 1 lane occupied MMDA on site. #mmda,https://twitter.com/mmda/status/1032067432230281217
8/22/2018,8:58 AM,QUEZON AVE. AGHAM,14.646323,121.040861,WB,VEHICULAR ACCIDENT,1,CAR AND AUV,MMDA ALERT: Vehicular accident at Quezon Ave. Agham WB involving car and AUV as of 8:58 AM. 1 lane occupied MMDA on site. #mmda,https://twitter.com/mmda/status/1032072441852354561
8/22/2018,8:59 AM,ROXAS BLVD. BUENDIA AVE.,14.552294,120.989491,NB,VEHICULAR ACCIDENT,1,CAR AND BUS,MMDA ALERT: Vehicular accident at Roxas blvd. Buendia Ave. NB involving car and bus as of 8:59 AM. 1 lane occupied MMDA on site. #mmda,https://twitter.com/mmda/status/1032075954338680832
8/22/2018,10:58 AM,C5 LIBIS,14.603015,121.079256,NB,VEHICULAR ACCIDENT,1,PICK UP ELF TRUCK,MMDA ALERT: Vehicular accident at C5 Libis NB involving pick up elf truck as of 10:58 AM. 1 lane occupied MMDA on site. #mmda,https://twitter.com/mmda/status/1032103520558673921
8/22/2018,1:40 PM,EDSA STARMALL,14.582431,121.054467,SB,VEHICULAR ACCIDENT,1,2 BUSES,MMDA ALERT: Vehicular accident at EDSA Starmall SB involving 2 buses as of 1:40 PM. 1 lane occupied MMDA on site. #mmda,https://twitter.com/mmda/status/1032142239579815936
8/22/2018,2:01 PM,ELLIPTICAL,14.65424,121.049788,,STALLED JEEP DUE TO MECHANICAL DEFECT,1,JEEP,MMDA ALERT: Stalled jeep due to mechanical defect at Elliptical Road frontng NHA as of 2:01 PM. 1 lane occupied. MM… https://t.co/jKNJ0qL96Y,https://twitter.com/mmda/status/1032148785902759936
8/22/2018,2:05 PM,EDSA QUEZON AVENUE FLYOVER,14.582431,121.054467,NB,VEHICULAR ACCIDENT,1,MOTORCYCLE,MMDA ALERT: Vehicular accident at EDSA Quezon avenue flyover NB involving motorcycle  as of 2:05 PM. 1 lane occupie… https://t.co/slXbNZ5r7J,https://twitter.com/mmda/status/1032150340919939073
8/22/2018,2:21 PM,ROXAS BLVD. P.OCAMPO,14.559551,120.987075,SB,MULTIPLE COLLISION,1,"2 VAN, AUV AND TAXI","MMDA ALERT: Multiple collision at Roxas Blvd. P.Ocampo SB involving 2 van, AUV and taxi as of 2:21 PM. 1 lane occup… https://t.co/9kJERH2h1f",https://twitter.com/mmda/status/1032154510578212864
8/22/2018,2:43 PM,AURORA BLVD. KATIPUNAN,14.631692,121.074217,EB,STALLED TRUCK DUE TO MECHANICAL DEFECT,1,TRUCK,MMDA ALERT: Stalled truck due to mechanical defect at Aurora Blvd. Katipunan EB as of 2:43 PM. 1 lane occupied. MMDA enforcer on site. #mmda,https://twitter.com/mmda/status/1032158101107961857
8/22/2018,3:31 PM,EDSA MONTE DE,14.62385,121.049123,PIEDAD,STALLED BUS DUE TO MECHANICAL DEFECT,1,BUS,MMDA ALERT: Stalled bus due to mechanical defect at  EDSA Monte De Piedad as of 3:31 PM. 1 lane occupied. MMDA enforcer on site. #MMDA,https://twitter.com/mmda/status/1032179817188286464
8/22/2018,3:47 PM,COMMONWEALTH ATHERTON,14.708553,121.062717,EB,VEHICULAR ACCIDENT COMMONWEALTH,1,MOTORCYCLE AND PEDESTRIAN,MMDA ALERT: Vehicular accident at Commonwealth Atherton EB involving motorcycle and pedestrian as of 3:47 PM. 1 lan… https://t.co/5T7eF6NIzd,https://twitter.com/mmda/status/1032179863287816192
8/22/2018,4:18 PM,EDSA BUENDIA,14.554949,121.034967,NB,VEHICULAR ACCIDENT,1,CAR AND VAN,MMDA ALERT: Vehicular accident at EDSA Buendia NB involving car and van as of 4:18 PM. 1 lane occupied. MMDA enforcer on site. #mmda,https://twitter.com/mmda/status/1032188783045705728
8/22/2018,4:19 PM,KATIPUNAN CP GARCIA,14.648291,121.0744,NB,VEHICULAR ACCIDENT KAT,1,CAR AND TAXI,MMDA ALERT: Vehicular accident at Katipunan CP Garcia NB involving car and taxi as of 4:19 PM. 1 lane occupied. MMDA enforcer on site. #mmda,https://twitter.com/mmda/status/1032189901112926208
8/22/2018,4:40 PM,C5 CALLE INDUSTRIA,14.605472,121.079122,NB,VEHICULAR ACCIDENT,1,CAR AND TAXI,MMDA ALERT: Vehicular accident at C5 Calle Industria NB involving car and taxi as of 4:40 PM. 1 lane occupied. MMDA enforcer on site. #mmda,https://twitter.com/mmda/status/1032192555335606277
8/22/2018,5:58 PM,EDSA WHITEPLAINS,14.599652,121.05969,NB,STALLED BUS DUE TO MECHANICAL PROBLEM,1,BUS,MMDA ALERT: Stalled bus due to mechanical problem at EDSA Whiteplains NB as of 5:58 PM. 1 lane occupied. MMDA enforcer on site. #mmda,https://twitter.com/mmda/status/1032206556043984897
8/22/2018,8:15 AM,EDSA ESTRELLA,14.559818,121.040737,SB,VEHICULAR ACCIDENT,1,CAR AND AUV,MMDA ALERT: Vehicular accident at EDSA Estrella SB involving car and AUV as of 8:15 AM. 1 lane occupied MMDA on site. #mmda,https://twitter.com/mmda/status/1032062432057778177
8/22/2018,8:35 AM,EDSA RELIANCE,14.576702,121.050365,SB,VEHICULAR ACCIDENT,1,CAR AND MC,MMDA ALERT: Vehicular accident at EDSA Reliance SB involving car and MC as of 8:35 AM. 1 lane occupied MMDA on site. #mmda,https://twitter.com/mmda/status/1032067432230281217
8/22/2018,8:58 AM,QUEZON AVE. AGHAM,14.646323,121.040861,WB,VEHICULAR ACCIDENT,1,CAR AND AUV,MMDA ALERT: Vehicular accident at Quezon Ave. Agham WB involving car and AUV as of 8:58 AM. 1 lane occupied MMDA on site. #mmda,https://twitter.com/mmda/status/1032072441852354561
8/22/2018,8:59 AM,ROXAS BLVD. BUENDIA AVE.,14.552294,120.989491,NB,VEHICULAR ACCIDENT,1,CAR AND BUS,MMDA ALERT: Vehicular accident at Roxas blvd. Buendia Ave. NB involving car and bus as of 8:59 AM. 1 lane occupied MMDA on site. #mmda,https://twitter.com/mmda/status/1032075954338680832
8/22/2018,9:07 AM,MINDANAO ROAD 20,14.671786,121.032319,NB,ONGOING DPWH ROAD PATCHING,1,,MMDA ALERT: Ongoing DPWH Road Patching at Mindanao road 20 NB as of 9:07 AM. 1 lane occupied. MMDA on site. #mmda,https://twitter.com/mmda/status/1032076101613281280
8/22/2018,9:32 AM,B. SERRANO KATIPUNAN TUNNEL,14.61474,121.070685,SB,STALLED VAN DUE TO MECHANICAL PROBLEM,1,VAN,MMDA ALERT: Stalled van due to mechanical problem at B. Serrano Katipunan tunnel SB as of 9:32 AM. 1 lane occupied.… https://t.co/qTdfOdN4AQ,https://twitter.com/mmda/status/1032081665772769280
8/22/2018,10:15 AM,EDSA BUENDIA,14.554949,121.034967,SB,VEHICULAR ACCIDENT,1,TAXI AND BUS,MMDA ALERT: Vehicular accident at EDSA Buendia SB involving taxi and bus as of 10:15 AM. 1 lane occupied MMDA on site. #mmda,https://twitter.com/mmda/status/1032094428347822081
8/22/2018,10:37 AM,EDSA BUENDIA SPLIT,14.555822,121.035928,SB,VEHICULAR ACCIDENT,1,CAR AND SUV,MMDA ALERT: Vehicular accident at EDSA Buendia Split SB involving car and SUV as of 10:37 AM. 1 lane occupied MMDA on site. #mmda,https://twitter.com/mmda/status/1032099200312401925
8/22/2018,10:51 AM,EDSA PET PLANS,14.561892,121.04307,SB,VEHICULAR ACCIDENT,1,CAR AND VAN,MMDA ALERT: Vehicular accident at EDSA Pet Plans SB involving car and van as of 10:51 AM. 1 lane occupied MMDA on site. #mmda,https://twitter.com/mmda/status/1032099414154735618
8/22/2018,10:58 AM,C5 LIBIS,14.603015,121.079256,NB,VEHICULAR ACCIDENT,1,PICK UP ELF TRUCK,MMDA ALERT: Vehicular accident at C5 Libis NB involving pick up elf truck as of 10:58 AM. 1 lane occupied MMDA on site. #mmda,https://twitter.com/mmda/status/1032103520558673921
8/22/2018,2:13 PM,ELLIPTICAL,14.65424,121.049788,,VEHICULAR ACCIDENT,1,VAN AND CAR,MMDA ALERT: Vehicular accident at Elliptical Road fronting NHA involving van and car as of 2:13 PM. 1 lane occupied… https://t.co/lORwYaMwWT,https://twitter.com/mmda/status/1032151572782837760
8/22/2018,2:44 PM,KATIPUNAN ATENEO,14.638481,121.07454,SB,STALLED TRUCK DUE TO MECHANICAL DEFECT KATIPUNAN,1,TRUCK,MMDA ALERT: Stalled truck due to mechanical defect at Katipunan Ateneo SB as of 2:44 PM. 1 lane occupied. MMDA enforcer on site. #mmda,https://twitter.com/mmda/status/1032159302935404544
8/22/2018,2:50 PM,AURORA BLVD. KATIPUNAN,14.631692,121.074217,WB,VEHICULAR ACCIDENT,1,VAN AND MOTORCYCLE,MMDA ALERT: Vehicular accident at Aurora Blvd. Katipunan WB involving van and Motorcycle as of 2:50 PM. 1 lane occu… https://t.co/CuWOcRCENk,https://twitter.com/mmda/status/1032159652669079552
8/22/2018,2:50 PM,MARCOS HIGHWAY TOWN AND COUNTRY,14.621658,121.106498,EB,VEHICULAR ACCIDENT,1,ELF TRUCK AND MOTORCYCLE,MMDA ALERT: Vehicular accident at Marcos Highway Town and Country EB involving Elf truck and motorcycle as of 3:22… https://t.co/02B3BcU8OX,https://twitter.com/mmda/status/1032173330575413248
8/22/2018,4:44 PM,C3 A.BONIFACIO,14.643822,120.993705,WB,STALLED TRUCK DUE TO MECHANICAL PROBLEM,1,TRUCK,MMDA ALERT: Stalled truck due to mechanical problem at C3 A.Bonifacio WB as of 4:44 PM. 1 lane occupied. MMDA enforcer on site. #mmda,https://twitter.com/mmda/status/1032192979656560640
8/22/2018,5:24 PM,EDSA STARMALL SERVICE ROAD,14.582431,121.054467,SB,VEHICULAR ACCIDENT,2,2 BUS,MMDA ALERT: Vehicular accident at EDSA Starmall Service Road SB involving 2 bus as of 5:24 PM. 2 lane occupied. MMDA enforcer on site. #mmda,https://twitter.com/mmda/status/1032199257392992256
8/22/2018,8:15 AM,EDSA ESTRELLA,14.559818,121.040737,SB,VEHICULAR ACCIDENT,1,CAR AND AUV,MMDA ALERT: Vehicular accident at EDSA Estrella SB involving car and AUV as of 8:15 AM. 1 lane occupied MMDA on site. #mmda,https://twitter.com/mmda/status/1032062432057778177
8/22/2018,8:35 AM,EDSA RELIANCE,14.576702,121.050365,SB,VEHICULAR ACCIDENT,1,CAR AND MC,MMDA ALERT: Vehicular accident at EDSA Reliance SB involving car and MC as of 8:35 AM. 1 lane occupied MMDA on site. #mmda,https://twitter.com/mmda/status/1032067432230281217
8/22/2018,8:58 AM,QUEZON AVE. AGHAM,14.646323,121.040861,WB,VEHICULAR ACCIDENT,1,CAR AND AUV,MMDA ALERT: Vehicular accident at Quezon Ave. Agham WB involving car and AUV as of 8:58 AM. 1 lane occupied MMDA on site. #mmda,https://twitter.com/mmda/status/1032072441852354561
8/22/2018,8:59 AM,ROXAS BLVD. BUENDIA AVE.,14.552294,120.989491,NB,VEHICULAR ACCIDENT,1,CAR AND BUS,MMDA ALERT: Vehicular accident at Roxas blvd. Buendia Ave. NB involving car and bus as of 8:59 AM. 1 lane occupied MMDA on site. #mmda,https://twitter.com/mmda/status/1032075954338680832
8/22/2018,9:07 AM,MINDANAO ROAD 20,14.671786,121.032319,NB,ONGOING DPWH ROAD PATCHING,1,,MMDA ALERT: Ongoing DPWH Road Patching at Mindanao road 20 NB as of 9:07 AM. 1 lane occupied. MMDA on site. #mmda,https://twitter.com/mmda/status/1032076101613281280
8/22/2018,1:40 PM,EDSA STARMALL,14.582431,121.054467,SB,VEHICULAR ACCIDENT,1,2 BUSES,MMDA ALERT: Vehicular accident at EDSA Starmall SB involving 2 buses as of 1:40 PM. 1 lane occupied MMDA on site. #mmda,https://twitter.com/mmda/status/1032142239579815936
8/22/2018,2:01 PM,ELLIPTICAL,14.65424,121.049788,,STALLED JEEP DUE TO MECHANICAL DEFECT,1,JEEP,MMDA ALERT: Stalled jeep due to mechanical defect at Elliptical Road frontng NHA as of 2:01 PM. 1 lane occupied. MM… https://t.co/jKNJ0qL96Y,https://twitter.com/mmda/status/1032148785902759936
8/22/2018,2:05 PM,EDSA QUEZON AVENUE FLYOVER,14.582431,121.054467,NB,VEHICULAR ACCIDENT,1,MOTORCYCLE,MMDA ALERT: Vehicular accident at EDSA Quezon avenue flyover NB involving motorcycle  as of 2:05 PM. 1 lane occupie… https://t.co/slXbNZ5r7J,https://twitter.com/mmda/status/1032150340919939073
8/22/2018,2:21 PM,ROXAS BLVD. P.OCAMPO,14.559551,120.987075,SB,MULTIPLE COLLISION,1,"2 VAN, AUV AND TAXI","MMDA ALERT: Multiple collision at Roxas Blvd. P.Ocampo SB involving 2 van, AUV and taxi as of 2:21 PM. 1 lane occup… https://t.co/9kJERH2h1f",https://twitter.com/mmda/status/1032154510578212864
8/22/2018,2:43 PM,AURORA BLVD. KATIPUNAN,14.631692,121.074217,EB,STALLED TRUCK DUE TO MECHANICAL DEFECT,1,TRUCK,MMDA ALERT: Stalled truck due to mechanical defect at Aurora Blvd. Katipunan EB as of 2:43 PM. 1 lane occupied. MMDA enforcer on site. #mmda,https://twitter.com/mmda/status/1032158101107961857
8/22/2018,3:31 PM,EDSA MONTE DE,14.62385,121.049123,PIEDAD,STALLED BUS DUE TO MECHANICAL DEFECT,1,BUS,MMDA ALERT: Stalled bus due to mechanical defect at  EDSA Monte De Piedad as of 3:31 PM. 1 lane occupied. MMDA enforcer on site. #MMDA,https://twitter.com/mmda/status/1032179817188286464
8/22/2018,3:47 PM,COMMONWEALTH ATHERTON,14.708553,121.062717,EB,VEHICULAR ACCIDENT COMMONWEALTH,1,MOTORCYCLE AND PEDESTRIAN,MMDA ALERT: Vehicular accident at Commonwealth Atherton EB involving motorcycle and pedestrian as of 3:47 PM. 1 lan… https://t.co/5T7eF6NIzd,https://twitter.com/mmda/status/1032179863287816192
8/22/2018,4:18 PM,EDSA BUENDIA,14.554949,121.034967,NB,VEHICULAR ACCIDENT,1,CAR AND VAN,MMDA ALERT: Vehicular accident at EDSA Buendia NB involving car and van as of 4:18 PM. 1 lane occupied. MMDA enforcer on site. #mmda,https://twitter.com/mmda/status/1032188783045705728
8/22/2018,4:19 PM,KATIPUNAN CP GARCIA,14.648291,121.0744,NB,VEHICULAR ACCIDENT KAT,1,CAR AND TAXI,MMDA ALERT: Vehicular accident at Katipunan CP Garcia NB involving car and taxi as of 4:19 PM. 1 lane occupied. MMDA enforcer on site. #mmda,https://twitter.com/mmda/status/1032189901112926208
8/22/2018,4:40 PM,C5 CALLE INDUSTRIA,14.605472,121.079122,NB,VEHICULAR ACCIDENT,1,CAR AND TAXI,MMDA ALERT: Vehicular accident at C5 Calle Industria NB involving car and taxi as of 4:40 PM. 1 lane occupied. MMDA enforcer on site. #mmda,https://twitter.com/mmda/status/1032192555335606277
8/22/2018,5:58 PM,EDSA WHITEPLAINS,14.599652,121.05969,NB,STALLED BUS DUE TO MECHANICAL PROBLEM,1,BUS,MMDA ALERT: Stalled bus due to mechanical problem at EDSA Whiteplains NB as of 5:58 PM. 1 lane occupied. MMDA enforcer on site. #mmda,https://twitter.com/mmda/status/1032206556043984897
8/22/2018,6:02 PM,EDSA GUDALUPE,14.566348,121.045356,NB,STALLED BUS DUE TO MECHANICAL PROBLEM,1,BUS,MMDA ALERT: Stalled bus due to mechanical problem at EDSA Gudalupe NB as of 6:02 PM. 1 lane occupied. MMDA enforcer on site. #mmda,https://twitter.com/mmda/status/1032208344159678465
8/22/2018,8:15 AM,EDSA ESTRELLA,14.559818,121.040737,SB,VEHICULAR ACCIDENT,1,CAR AND AUV,MMDA ALERT: Vehicular accident at EDSA Estrella SB involving car and AUV as of 8:15 AM. 1 lane occupied MMDA on site. #mmda,https://twitter.com/mmda/status/1032062432057778177
8/22/2018,8:35 AM,EDSA RELIANCE,14.576702,121.050365,SB,VEHICULAR ACCIDENT,1,CAR AND MC,MMDA ALERT: Vehicular accident at EDSA Reliance SB involving car and MC as of 8:35 AM. 1 lane occupied MMDA on site. #mmda,https://twitter.com/mmda/status/1032067432230281217
8/22/2018,8:58 AM,QUEZON AVE. AGHAM,14.646323,121.040861,WB,VEHICULAR ACCIDENT,1,CAR AND AUV,MMDA ALERT: Vehicular accident at Quezon Ave. Agham WB involving car and AUV as of 8:58 AM. 1 lane occupied MMDA on site. #mmda,https://twitter.com/mmda/status/1032072441852354561
8/22/2018,8:59 AM,ROXAS BLVD. BUENDIA AVE.,14.552294,120.989491,NB,VEHICULAR ACCIDENT,1,CAR AND BUS,MMDA ALERT: Vehicular accident at Roxas blvd. Buendia Ave. NB involving car and bus as of 8:59 AM. 1 lane occupied MMDA on site. #mmda,https://twitter.com/mmda/status/1032075954338680832
8/22/2018,9:07 AM,MINDANAO ROAD 20,14.671786,121.032319,NB,ONGOING DPWH ROAD PATCHING,1,,MMDA ALERT: Ongoing DPWH Road Patching at Mindanao road 20 NB as of 9:07 AM. 1 lane occupied. MMDA on site. #mmda,https://twitter.com/mmda/status/1032076101613281280
8/22/2018,9:32 AM,B. SERRANO KATIPUNAN TUNNEL,14.61474,121.070685,SB,STALLED VAN DUE TO MECHANICAL PROBLEM,1,VAN,MMDA ALERT: Stalled van due to mechanical problem at B. Serrano Katipunan tunnel SB as of 9:32 AM. 1 lane occupied.… https://t.co/qTdfOdN4AQ,https://twitter.com/mmda/status/1032081665772769280
8/22/2018,10:15 AM,EDSA BUENDIA,14.554949,121.034967,SB,VEHICULAR ACCIDENT,1,TAXI AND BUS,MMDA ALERT: Vehicular accident at EDSA Buendia SB involving taxi and bus as of 10:15 AM. 1 lane occupied MMDA on site. #mmda,https://twitter.com/mmda/status/1032094428347822081
8/22/2018,10:37 AM,EDSA BUENDIA SPLIT,14.555822,121.035928,SB,VEHICULAR ACCIDENT,1,CAR AND SUV,MMDA ALERT: Vehicular accident at EDSA Buendia Split SB involving car and SUV as of 10:37 AM. 1 lane occupied MMDA on site. #mmda,https://twitter.com/mmda/status/1032099200312401925
8/22/2018,10:51 AM,EDSA PET PLANS,14.561892,121.04307,SB,VEHICULAR ACCIDENT,1,CAR AND VAN,MMDA ALERT: Vehicular accident at EDSA Pet Plans SB involving car and van as of 10:51 AM. 1 lane occupied MMDA on site. #mmda,https://twitter.com/mmda/status/1032099414154735618
8/22/2018,10:58 AM,C5 LIBIS,14.603015,121.079256,NB,VEHICULAR ACCIDENT,1,PICK UP ELF TRUCK,MMDA ALERT: Vehicular accident at C5 Libis NB involving pick up elf truck as of 10:58 AM. 1 lane occupied MMDA on site. #mmda,https://twitter.com/mmda/status/1032103520558673921
8/22/2018,1:40 PM,EDSA STARMALL,14.582431,121.054467,SB,VEHICULAR ACCIDENT,1,2 BUSES,MMDA ALERT: Vehicular accident at EDSA Starmall SB involving 2 buses as of 1:40 PM. 1 lane occupied MMDA on site. #mmda,https://twitter.com/mmda/status/1032142239579815936
8/22/2018,2:13 PM,ELLIPTICAL,14.65424,121.049788,,VEHICULAR ACCIDENT,1,VAN AND CAR,MMDA ALERT: Vehicular accident at Elliptical Road fronting NHA involving van and car as of 2:13 PM. 1 lane occupied… https://t.co/lORwYaMwWT,https://twitter.com/mmda/status/1032151572782837760
8/22/2018,2:44 PM,KATIPUNAN ATENEO,14.638481,121.07454,SB,STALLED TRUCK DUE TO MECHANICAL DEFECT KATIPUNAN,1,TRUCK,MMDA ALERT: Stalled truck due to mechanical defect at Katipunan Ateneo SB as of 2:44 PM. 1 lane occupied. MMDA enforcer on site. #mmda,https://twitter.com/mmda/status/1032159302935404544
8/22/2018,2:50 PM,AURORA BLVD. KATIPUNAN,14.631692,121.074217,WB,VEHICULAR ACCIDENT,1,VAN AND MOTORCYCLE,MMDA ALERT: Vehicular accident at Aurora Blvd. Katipunan WB involving van and Motorcycle as of 2:50 PM. 1 lane occu… https://t.co/CuWOcRCENk,https://twitter.com/mmda/status/1032159652669079552
8/22/2018,2:50 PM,MARCOS HIGHWAY TOWN AND COUNTRY,14.621658,121.106498,EB,VEHICULAR ACCIDENT,1,ELF TRUCK AND MOTORCYCLE,MMDA ALERT: Vehicular accident at Marcos Highway Town and Country EB involving Elf truck and motorcycle as of 3:22… https://t.co/02B3BcU8OX,https://twitter.com/mmda/status/1032173330575413248
8/22/2018,4:44 PM,C3 A.BONIFACIO,14.643822,120.993705,WB,STALLED TRUCK DUE TO MECHANICAL PROBLEM,1,TRUCK,MMDA ALERT: Stalled truck due to mechanical problem at C3 A.Bonifacio WB as of 4:44 PM. 1 lane occupied. MMDA enforcer on site. #mmda,https://twitter.com/mmda/status/1032192979656560640
8/22/2018,5:24 PM,EDSA STARMALL SERVICE ROAD,14.582431,121.054467,SB,VEHICULAR ACCIDENT,2,2 BUS,MMDA ALERT: Vehicular accident at EDSA Starmall Service Road SB involving 2 bus as of 5:24 PM. 2 lane occupied. MMDA enforcer on site. #mmda,https://twitter.com/mmda/status/1032199257392992256
8/22/2018,6:24 PM,EAST SERVICE ROAD PNR RAILROAD,14.499519,121.039452,SB,STALLED TRUCK DUE TO MECHANICAL PROBLEM,1,TRUCK,MMDA ALERT: Stalled Truck due to mechanical problem at East service road PNR railroad SB as of 6:24 PM. 1 lane occu… https://t.co/JeaqOebiCD,https://twitter.com/mmda/status/1032214612433727488
09-03-2018,5:23 AM,EDSA AURORA TUNNEL,14.621564,121.050149,NB,STALLED AUV DUE TO MECHANICAL PROBLEM,1,AUV,MMDA ALERT: Stalled AUV due to mechanical problem at EDSA Aurora tunnel NB as of 5:23 AM. 1 lane occupied. MMDA on site. #mmda,https://twitter.com/mmda/status/1036727772188573696
09-03-2018,6:24 AM,EDSA KAMUNING,14.630769,121.045945,SB,VEHICULAR ACCIDENT,1,AUV AND BUS,MMDA ALERT: Vehicular accident at EDSA Kamuning SB involving AUV and bus as of 6:24 AM. 1 lane occupied MMDA on site. #mmda,https://twitter.com/mmda/status/1036743702956261376
09-03-2018,6:49 AM,EDSA QUEZON AVE.,14.582431,121.054467,SB,STALLED BUS DUE TO MECHANICAL PROBLEM,1,BUS,"MMDA ALERT: Stalled bus due to mechanical problem at EDSA Quezon Ave, SB as of 6:49 AM. 1 lane occupied. MMDA enforcer on site. #mmda",https://twitter.com/mmda/status/1036749571693543424
09-03-2018,7:19 AM,EDSA TIMOG,14.63291,121.044944,WB,VEHICULAR ACCIDENT,1,AUV AND CAR,MMDA ALERT: Vehicular accident at EDSA Timog WB involving AUV and car as of 7:19 AM. 1 lane occupied MMDA on site. #mmda,https://twitter.com/mmda/status/1036758746498658305
09-03-2018,7:30 AM,EDSA TIMOG,14.63291,121.044944,SB,VEHICULAR ACCIDENT,1,BUS AND CAR,MMDA ALERT: Vehicular accident at EDSA Timog SB involving bus and car as of 7:30 AM. 1 lane occupied MMDA on site. #mmda,https://twitter.com/mmda/status/1036763164786876416
09-04-2018,8:01 AM,B. SERRANO 6TH AVE.,14.611267,121.056601,WB,VEHICULAR ACCIDENT,1,2 CARS,"MMDA ALERT: Vehicular accident at B. Serrano 6th Ave, WB involving 2 cars as of 8:01 AM. 1 lane occupied MMDA on site. #mmda",https://twitter.com/mmda/status/1036768717567221761
09-04-2018,8:05 AM,EDSA SCT BORROMEO,14.637251,121.042113,SB,VEHICULAR ACCIDENT,1,SUV AND BUS,MMDA ALERT: Vehicular accident at EDSA Sct Borromeo SB involving SUV and bus as of 8:05 AM. 1 lane occupied MMDA on site. #mmda,https://twitter.com/mmda/status/1036769435359490048
09-04-2018,8:25 AM,EDSA STARMALL,14.582431,121.054467,SB,VEHICULAR ACCIDENT,1,TAXI AND BUS,MMDA ALERT: Vehicular accident at EDSA Starmall SB involving taxi and bus as of 8:25 AM. 1 lane occupied MMDA on site. #mmda,https://twitter.com/mmda/status/1036774767863296000
09-04-2018,8:52 AM,ELLIPTICAL ROAD VISAYAS AVE.,14.654185,121.047569,,VEHICULAR ACCIDENT,1,,MMDA ALERT: Vehicular accident at Elliptical Visayas involving UV and SUV as of 8:52 AM. 1 lane occupied MMDA on site. #mmda,https://twitter.com/mmda/status/1036780640954273792
09-04-2018,9:49 AM,ORTIGAS EMERALD,14.586343,121.061481,EB,VEHICULAR ACCIDENT,1,2 AUV'S,MMDA ALERT: Vehicular accident at Ortigas Emerald EB involving 2 AUV's as of 9:49 AM. 1 lane occupied MMDA on site. #mmda,https://twitter.com/mmda/status/1036795075223666689
09-04-2018,9:54 AM,B. SERRANO KATIPUNAN,14.61474,121.070685,WB,VEHICULAR ACCIDENT,1,PUJ AND CAR,MMDA ALERT: Vehicular accident at B.Serrano Katipunan WB involving PUJ and car as of 9:54 AM. 1 lane occupied MMDA on site. #mmda,https://twitter.com/mmda/status/1036795756579934208
09-04-2018,10:18 AM,EDSA NEWYORK,14.625695,121.048294,SB,MULTIPLE COLLISION,2,"AUV, CAR AND UV EXPRESS","MMDA ALERT: Multiple Collision at EDSA Newyork SB involving AUV, car and UV express as of 10:18 AM. 2 lanes occupied MMDA on site. #mmda",https://twitter.com/mmda/status/1036802513184276481
09-04-2018,10:22 AM,EDSA QUEZON AVE.,14.582431,121.054467,EB,VEHICULAR ACCIDENT,1,TAXI AND CAR,MMDA ALERT: Vehicular accident at EDSA Quezon Ave EB involving taxi and car as of 10:22 AM. 1 lane occupied MMDA on site. #mmda,https://twitter.com/mmda/status/1036803010439987200
09-04-2018,10:31 AM,EDSA TAFT,14.537499,121.000698,NB,ONGOING DPWH ROAD PATCHING,1,,MMDA ALERT: Ongoing DPWH road patching at EDSA Taft NB as of 10:31 AM. 1 lane occupied MMDA on site. #mmda,https://twitter.com/mmda/status/1036805964706402305
09-04-2018,10:30 AM,COMMONWEALTH SANDIGAN,14.686983,121.087042,WB,VEHICULAR ACCIDENT,1,TAXI AND SUV,MMDA ALERT: Vehicular accident at Commonwealth Sandigan WB involving taxi and SUV as of 10:30 AM. 1 lane occupied MMDA on site. #mmda,https://twitter.com/mmda/status/1036806066334396422
09-04-2018,12:30 PM,EDSA MEGAMALL,14.584488,121.055562,NB,STALLED BUS DUE TO MECHANICAL PROBLEM,1,BUS,MMDA ALERT: Stalled bus due to mechanical problem at EDSA Megamall NB as of 12:30 PM. 1 lane occupied. MMDA enforcer on site. #mmda,https://twitter.com/mmda/status/1036836648082796544
09-04-2018,12:59 PM,C5 ORTIGAS AFTER FLYOVER,14.589706,121.079945,NB,VEHICULAR ACCIDENT,1,2 L300,MMDA ALERT: Vehicular accident at C5 Ortigas after f/o NB involving 2 L300 as of 12:59 PM. 1 lane occupied MMDA on site. #mmda,https://twitter.com/mmda/status/1036843489772752896
09-04-2018,,NICHOLS SALES INTERCHANGE BOUND TO EAST SERVICE,14.523696,121.026142,ROAD,STALLED BUS DUE TO MECHANICAL PROBLEM,1,BUS,MMDA ALERT: Stalled bus due to mechanical problem at Nichols Sales Interchange bound to East svc. road as of 2:20 P… https://t.co/BnJmWRVjDd,https://twitter.com/mmda/status/1036867747211141120
09-04-2018,2:27 PM,EDSA P. TUAZON,14.616404,121.052548,NB,VEHICULAR ACCIDENT,2,2 BUSES,MMDA ALERT: Vehicular accident at EDSA P. Tuazon NB involving 2 buses as of 2:27 PM. 2 lanes occupied. MMDA enforcer on site. #mmda,https://twitter.com/mmda/status/1036868583337250816
09-04-2018,,EDSA BEFORE SANTOLAN FLYOVER,14.609768,121.055583,SB,VEHICULAR ACCIDENT,2,BUS AND TAXI,MMDA ALERT: Vehicular accident at EDSA before Santolan flyover SB involving bus and taxi as of 2 :57 PM. 2 lanes oc… https://t.co/kgAETLou6h,https://twitter.com/mmda/status/1036872719659237376
09-04-2018,2:58 PM,EDSA NEW YORK,14.625695,121.048294,SB,STALLED VAN DUE TO FLAT TIRE,1,VAN,MMDA ALERT: Stalled van due to flat tire at EDSA New York SB as of 2:58 PM. 1 lane occupied. MMDA enforcer on site. #mmda,https://twitter.com/mmda/status/1036873029085614081
09-04-2018,,MARCOS HIGHWAY DOÑA JUANA,14.619273,121.089362,EB,VEHICULAR ACCIDENT,1,MOTORCYCLE AND VAN,MMDA ALERT: Vehicular accident at Marcos Highway Doña Juana EB involving motorcycle and van as of 4 :10 PM. 1 lane… https://t.co/gl98w9Sk0p,https://twitter.com/mmda/status/1036891689321783296
09-04-2018,,ANDREW'S AVE. BEFORE DOMESTIC ROTONDA,None,None,WB,SHOOTING INCIDENT,1,OWNER TYPE JEEP DRIVER,MMDA ALERT: Shooting incident at Andrew's Ave. before Domestic Rotonda WB involving owner type jeep driver as of 4:… https://t.co/MeY20Xm9TR,https://twitter.com/mmda/status/1036907362269847552
09-04-2018,4:52 PM,ROXAS BLVD. HK SUN PLAZA,14.546387,120.990978,SB,VEHICULAR ACCIDENT,2,BUS AND CAR,MMDA ALERT: Vehicular accident at Roxas blvd HK Sun Plaza SB involving bus and car as of 4:52 PM. 2 lanes occupied.… https://t.co/jOegYkyIlK,https://twitter.com/mmda/status/1036908048776720384
09-04-2018,5:37 PM,EDSA AYALA TUNNEL,14.550028,121.029058,NB,VEHICULAR ACCIDENT,2,VAN AND BUS,MMDA ALERT: Vehicular accident at EDSA Ayala tunnel NB  involving van and bus as of 5:37 PM. 2 lanes occupied. MMDA enforcer on site. #mmda,https://twitter.com/mmda/status/1036913344819523584
09-04-2018,6:20 PM,MINDANAO AVENUE SAUYO U-TURN SLOT,14.68552,121.031821,NB,VEHICULAR ACCIDENT,1,VAN AND SUV,MMDA ALERT: Vehicular accident at  Mindanao Avenue Sauyo U-turn Slot NB involving van and SUV as of 6:20 PM. 1 lane… https://t.co/afXGAFOAaw,https://twitter.com/mmda/status/1036925610780573697
09-04-2018,6:40 PM,MIA COASTAL INTERSECTION,14.517400,120.993217,WB,VEHICULAR ACCIDENT,1,MC AND CAR,MMDA ALERT: Vehicular accident at Mia Coastal Intersection WB involving MC and car as of 6:40 PM. 1 lane occupied.… https://t.co/lrORgL24HL,https://twitter.com/mmda/status/1036929628042977280
09-04-2018,6:48 PM,EDSA SHAW BLVD. SPLIT,14.517400,120.993217,NB,STALLED CAR DUE TO MECHANICAL PROBLEM,1,CAR,MMDA ALERT: Stalled car due to mechanical problem at EDSA Shaw Blvd Split NB as of 6:48 PM. 1 lane occupied. MMDA enforcer on site. #mmda,https://twitter.com/mmda/status/1036930842226962432
09-04-2018,6:51 PM,QUEZON AVENUE LUNG CENTER,14.517400,120.993217,EB,STALLED PUJ DUE TO MECHANICAL PROBLEM,1,PUJ,MMDA ALERT: Stalled PUJ due to mechanical problem at Quezon Avenue Lung Center EB as of 6:51 PM. 1 lane occupied. M… https://t.co/dQCB3jJmiG,https://twitter.com/mmda/status/1036931617942470657
09-04-2018,7:00 PM,MINDANAO AVE. QUIRINO,14.690487,121.027806,NB,VEHICULAR ACCIDENT,1,VAN AND BUS,MMDA ALERT: Vehicular accident at Mindanao Ave. Quirino NB involving van and bus as of 7:00 PM. 1 lane occupied. MM… https://t.co/Iuxf78rA7W,https://twitter.com/mmda/status/1036936260764352512
09-04-2018,7:09 PM,EDSA SHAW INT.,14.581153,121.053565,NB,VEHICULAR ACCIDENT,1,BUS AND AUV,MMDA ALERT: Vehicular accident at EDSA Shaw Int. NB involving bus and AUV as of 7:09 PM. 1 lane occupied. MMDA enforcer on site. #mmda,https://twitter.com/mmda/status/1036941272060067840
09-04-2018,7:22 PM,EDSA ORENSE,14.561655,121.042832,NB,VEHICULAR ACCIDENT,2,CAR AND VAN,MMDA ALERT: Vehicular accident at EDSA Orense NB involving car and van as of 7:22 PM. 2 lanes occupied. MMDA enforcer on site. #mmda,https://twitter.com/mmda/status/1036942165484523521
09-04-2018,7:39 PM,COMMONWEALTH ST. PETER,14.681615,121.084757,EB,VEHICULAR ACCIDENT,1,TAXI AND CAR,MMDA ALERT: Vehicular accident at  Commonwealth St. Peter EB involving taxi and car as of 7:39 PM. 1 lane occupied.… https://t.co/oHt4jkVfZl,https://twitter.com/mmda/status/1036945017401528327
09-04-2018,7:46 PM,QUEZON AVE. SCT. MAGBANUA,14.634901,121.022513,EB,VEHICULAR ACCIDENT,1,CAR AND TRAILER TRUCK,MMDA ALERT: Vehicular accident at Quezon ave. Sct. Magbanua EB involving car and trailer truck as of 7:46 PM. 2 lan… https://t.co/Ozug5O9Um2,https://twitter.com/mmda/status/1036946482392231936
09-04-2018,10:59 PM,QUEZON AVE. ARANETA BEFORE TUNNEL,14.628351,121.013365,WB,VEHICULAR ACCIDENT,2,SUV AND UV EXPRESS,MMDA ALERT: Vehicular accident at Quezon Ave. Araneta before tunnel WB involving SUV and UV express as of 10:59 PM.… https://t.co/63DoJ01nWD,https://twitter.com/mmda/status/1036995570420699136
09-04-2018,10:59 PM,EDSA CUBAO SERVICE ROAD,14.617264,121.052152,NB,VEHICULAR ACCIDENT,2,PICK-UP AND UV EXPRESS,MMDA ALERT: Vehicular accident at  EDSA Cubao service road NB involving pick-up and UV express as of 10:59 PM. 1 la… https://t.co/bshmXu34iT,https://twitter.com/mmda/status/1036996023250374658
09-04-2018,2:00 AM,KATIPUNAN BONNY SERRANO,14.617264,121.052152,SB,STALLED CAR DUE TO FLAT TIRE,1,CAR,MMDA ALERT: Stalled car due to flat tire at Katipunan Bonny Serrano SB as of 2:00 AM. 1 lane occupied. MMDA on site. #mmda,https://twitter.com/mmda/status/1037039501040709632
09-04-2018,4:06 AM,EDSA KAMIAS,14.617264,121.052152,NB,STALLED CLOSED VAN DUE TO MECHANICAL PROBLEM,1,CLOSED VAN,MMDA ALERT: Stalled closed van due to mechanical problem at EDSA Kamias NB as of 4:06 AM. 1 lane occupied. MMDA on site. #mmda,https://twitter.com/mmda/status/1037087352810688512
09-04-2018,6:18 AM,EDSA MAIN AVE.,14.61366,121.053801,SB,VEHICULAR ACCIDENT,1,2 CARS,MMDA ALERT: Vehicular accident at EDSA Main ave. SB involving 2 cars as of 6:18 AM. 1 lane occupied MMDA on site. #mmda,https://twitter.com/mmda/status/1037111993776234497
09-04-2018,6:22 AM,EDSA BONI,14.61366,121.053801,NB,STALLED L300 DUE TO MECHANICAL PROBLEM,1,L300,MMDA ALERT: Stalled L300 due to mechanical problem at EDSA Boni NB as of 6:22 AM. 1 lane occupied. MMDA enforcer on site. #mmda,https://twitter.com/mmda/status/1037112049849970688
09-04-2018,6:24 AM,B. SERRANO WHITE PLAINS,14.61474,121.070685,SB,VEHICULAR ACCIDENT,1,SUV AND MC,MMDA ALERT: Vehicular accident at B. Serrano White Plains SB involving SUV and MC as of 6:24 AM. 1 lane occupied MMDA on site. #mmda,https://twitter.com/mmda/status/1037112102559735809
09-04-2018,7:15 AM,ELLIPTICAL ROAD VISAYAS AVE.,14.654185,121.047569,,VEHICULAR ACCIDENT,1,,MMDA ALERT: Vehicular accident at Elliptical Visayas involving AUV and car as of 7:15 AM. 1 lane occupied MMDA on site. #mmda,https://twitter.com/mmda/status/1037120207011999744
09-04-2018,7:20 AM,C5 LANUZA,14.577625,121.073462,NB,VEHICULAR ACCIDENT,1,SUV AND MC,MMDA ALERT: Vehicular accident at C5 Lanuza NB involving SUV and MC as of 7:20 AM. 1 lane occupied MMDA on site. #mmda,https://twitter.com/mmda/status/1037120533140131840
09-04-2018,7:40 AM,EDSA BEFORE ORTIGAS FLYOVER,14.589706,121.079945,SB,VEHICULAR ACCIDENT,1,CAR AND MC,MMDA ALERT: Vehicular accident at EDSA before Ortigas f/o SB involving car and MC as of 7:40 AM. 1 lane occupied MMDA on site. #mmda,https://twitter.com/mmda/status/1037127493918982144
09-04-2018,7:42 AM,MARCOS HIGHWAY DELA PAZ,14.619422,121.095678,EB,VEHICULAR ACCIDENT,1,2 MC'S,MMDA ALERT: Vehicular accident at Marcos Highway Dela Paz EB involving 2 MC's as of 7:42 AM. 1 lane occupied MMDA on site. #mmda,https://twitter.com/mmda/status/1037127691210608640
09-04-2018,7:51 AM,EDSA SHAW SERVICE ROAD,14.581153,121.053565,NB,VEHICULAR ACCIDENT,1,SUV AND MC,MMDA ALERT: Vehicular accident at EDSA Shaw service road NB involving SUV and MC as of 7:51 AM. 1 lane occupied MMDA on site. #mmda,https://twitter.com/mmda/status/1037127980474986496
09-05-2018,8:02 AM,EDSA TIMOG FLYOVER,14.63291,121.044944,NB,VEHICULAR ACCIDENT,1,CAR AND MC,MMDA ALERT: Vehicular accident at EDSA Timog f/o NB involving car and MC as of 8:02 AM. 1 lane occupied MMDA on site. #mmda,https://twitter.com/mmda/status/1037130745201025025
09-05-2018,8:14 AM,ELLIPTICAL ROAD VISAYAS AVE.,14.654185,121.047569,,VEHICULAR ACCIDENT,1,,MMDA ALERT: Vehicular accident at Elliptical Visayas involving PUJ and SUV as of 8:14 AM. 1 lane occupied MMDA on site. #mmda,https://twitter.com/mmda/status/1037133210143010816
09-05-2018,8:25 AM,COMMONWEALTH LUZON,14.66533,121.070469,WB,VEHICULAR ACCIDENT,1,CAR AND MC,MMDA ALERT: Vehicular accident at Commonwealth Luzon WB involving car and MC as of 8:25 AM. 1 lane occupied MMDA on site. #mmda,https://twitter.com/mmda/status/1037135819729846272
09-05-2018,8:33 AM,C5 MARKET MARKET,14.549718,121.05755,SB,VEHICULAR ACCIDENT,1,CAR AND L300,MMDA ALERT: Vehicular accident at C5 Market Market SB involving car and L300 as of 8:33 AM. 1 lane occupied MMDA on site. #mmda,https://twitter.com/mmda/status/1037138385565974534
09-05-2018,9:31 AM,ORTIGAS GREENHILLS,14.549718,121.05755,WB,STALLED CAR DUE TO MECHANICAL PROBLEM,1,CAR,MMDA ALERT: Stalled car due to mechanical problem at Ortigas Greenhills WB as of 9:31 AM. 1 lane occupied. MMDA enforcer on site. #mmda,https://twitter.com/mmda/status/1037155693793402880
09-05-2018,9:33 AM,C5 EASTWOOD,14.60728,121.078528,SB,VEHICULAR ACCIDENT,1,CAR AND UV EXPRESS,MMDA ALERT: Vehicular accident at C5 Eastwood SB involving car and UV express as of 9:33 AM. 1 lane occupied MMDA on site. #mmda,https://twitter.com/mmda/status/1037158334476898305
09-05-2018,10:20 AM,AURORA GILMORE,14.613853,121.034732,EB,VEHICULAR ACCIDENT,1,CAR AND MC,MMDA ALERT: Vehicular accident at Aurora Gilmore EB involving car and MC as of 10:20 AM. 1 lane occupied MMDA on site. #mmda,https://twitter.com/mmda/status/1037166542524305408
09-05-2018,10:21 AM,STO DOMINGO MARIA,14.629413,121.008624,CLARA,VEHICULAR ACCIDENT,1,CAR AND MC,MMDA ALERT: Vehicular accident at Sto Domingo Maria Clara involving car and MC as of 10:21 AM. 1 lane occupied MMDA on site. #mmda,https://twitter.com/mmda/status/1037168026351677440
09-05-2018,10:25 AM,ELLIPTICAL ROAD DAR,14.65424,121.049788,,RALLYIST,1,,MMDA ALERT: Rallyist at Elliptical DAR more or less 40 pax as of 10:25 AM. Involved Group: Anak Pawis and KMP. Dema… https://t.co/udMK3HkFgH,https://twitter.com/mmda/status/1037168780315525120
09-05-2018,10:43 AM,EDSA QUEZON AVE. CENTRIS,14.644600,121.038266,NB,VEHICULAR ACCIDENT,1,BUS AND MMDA PERSONNEL,MMDA ALERT: Vehicular accident at EDSA Quezon Ave. Centris NB involving bus and MMDA personnel as of 10:43 AM. 1 la… https://t.co/Ok6z6gR7qN,https://twitter.com/mmda/status/1037171907659948034
09-05-2018,11:28 AM,C5 LANUZA,14.577625,121.073462,NB,VEHICULAR ACCIDENT,1,MC AND TRUCK,MMDA ALERT: Vehicular accident at C5 Lanuza NB involving MC and truck as of 11:28 AM. 1 lane occupied MMDA on site. #mmda,https://twitter.com/mmda/status/1037188836185591808
09-05-2018,11:41 AM,EDSA MAIN AVE.,14.61366,121.053801,SB,VEHICULAR ACCIDENT,1,CAR AND TAXI,MMDA ALERT: Vehicular accident at EDSA Main Ave. SB involving car and taxi as of 11:41 AM. 1 lane occupied MMDA on site. #mmda,https://twitter.com/mmda/status/1037188866988539904
09-05-2018,11:52 AM,EDSA AGUINALDO GATE 2 MORE OR LESS 40,14.606095,121.057183,PAX,RALLYIST,1,,MMDA ALERT: Rallyist at EDSA Aguinaldo Gate 2 more or less 40 pax as of 11:52 AM. Involved Group: Anak Pawis. Deman… https://t.co/IXxwZxs5YF,https://twitter.com/mmda/status/1037189360611942405
09-05-2018,12:52 PM,MINDANAO OLAP,14.671786,121.032319,NB,VEHICULAR ACCIDENT,1,CAR AND AMBULANCE,MMDA ALERT: Vehicular accident at Mindanao OLAP NB involving car and ambulance as of 12:52 PM. 1 lane occupied MMDA on site. #mmda,https://twitter.com/mmda/status/1037204148561821700
09-05-2018,12:51 PM,MINDANAO QUIRINO,14.690487,121.027806,SB,VEHICULAR ACCIDENT,1,CAR AND TRUCK,MMDA ALERT: Vehicular accident at Mindanao Quirino SB involving car and truck as of 12:51 PM. 1 lane occupied MMDA on site. #mmda,https://twitter.com/mmda/status/1037205300795850752
09-05-2018,12:57 PM,C5 ORTIGAS FLYOVER,14.589706,121.079945,SB,VEHICULAR ACCIDENT,1,L300 AND CAR,MMDA ALERT: Vehicular accident at C5 Ortigas f/o SB involving L300 and car as of 12:57 PM. 1 lane occupied MMDA on site. #mmda,https://twitter.com/mmda/status/1037205456958177280
09-05-2018,2:10 PM,MINDANAOAVE.SAUYO,14.68552,121.031821,SB,VEHICULAR ACCIDENT,1,ELF TRUCK AND SUV,MMDA ALERT: Vehicular accident at Mindanao Avenue Sauyo SB involving Elf truck and SUV as of 2:10 PM. 1 lane occupi… https://t.co/H4uiV9Bc1k,https://twitter.com/mmda/status/1037226770485850112
09-05-2018,2:39 PM,EDSA,14.68552,121.031821,NB,STALLED VAN DUE TO MECHANICAL PROBLEM,1,VAN,MMDA ALERT: Stalled van due to mechanical problem at EDSA Main Avenue NB as of 2:39 PM. 1 lane occupied. MMDA enforcer on site. #mmda,https://twitter.com/mmda/status/1037231270277787648
09-05-2018,2:49 PM,TAFTAVE.ROTONDA,14.68552,121.031821,SB,STALLED WINGVAN DUE TO MECHANICAL DEFECT,1,WINGVAN,MMDA ALERT: Stalled Wingvan due to mechanical defect at Taft Avenue Rotonda SB as of 2:49 PM. 1 lane occupied. MMDA enforcer on site. #mmda,https://twitter.com/mmda/status/1037239579932123136
09-05-2018,3:31 PM,EDSA MUÑOZ,14.657668,121.017212,NB,VEHICULAR ACCIDENT,1,2 CARS,MMDA ALERT: Vehicular accident at EDSA Muñoz NB involving 2 cars as of 3:31 PM. 1 lane occupied. MMDA enforcer on site. #mmda,https://twitter.com/mmda/status/1037243610557632512
09-05-2018,3:43 PM,EDSA SANTOLAN FLYOVER,14.609768,121.055583,SB,,1,,MMDA ALERT:Vehicular accident at EDSA Santolan flyover SB as of 3:43 PM. 1 lane occupied. MMDA enforcer on site. #mmda,https://twitter.com/mmda/status/1037249529580466176
09-05-2018,3:45 PM,ROXAS BLVD.. QUIRINO SERVICE ROAD,14.564343,120.984942,NB,VEHICULAR ACCIDENT,,CAR AND MOTORCYCLE,MMDA ALERT: Vehicular accident at Roxas Blvd. Quirino Service road NB involving car and motorcycle as of 3:45 PM. 1… https://t.co/mkad4qWfWM,https://twitter.com/mmda/status/1037249774708117504
09-05-2018,3:49 PM,EDSA SANTOLAN FLYOVER,14.609768,121.055583,SB,VEHICULAR ACCIDENT,1,CAR AND VAN,MMDA ALERT: Vehicular accident at EDSA Santolan flyover SB involving car and van as of 3:49 PM. 1 lane occupied. MM… https://t.co/aGQHxjZmff,https://twitter.com/mmda/status/1037250826144645120
09-05-2018,3:51 PM,EDSA RELIANCE,14.576702,121.050365,NB,VEHICULAR ACCIDENT,1,2 CARS,"MMDA ALERT: Vehicular accident at EDSA Reliance NB involving 2 cars as of 3:51 PM. 1 lane occupied, MMDA enforcer on site. #mmda",https://twitter.com/mmda/status/1037251334615912448
09-05-2018,,EDSA AURORA BLVD. INTERSECTION,14.621564,121.050149,NB,VEHICULAR ACCIDENT,,MC AND PEDESTRIAN,MMDA ALERT: Vehicular accident at EDSA Aurora Blvd Intersection NB involving MC and pedestrian as of 3 :58 PM. 1 la… https://t.co/xn34nlv5Hh,https://twitter.com/mmda/status/1037253862271287296
09-05-2018,4:44 PM,QUEZONAVE.ARANETA ,14.621564,121.050149,EB,STALLED VAN DUE TO MECHANICAL PROBLEM,1,VAN,MMDA ALERT: Stalled van due to mechanical problem at Quezon Avenue Araneta  EB as of 4:44 PM. 1 lane occupied. MMDA enforcer on site. #mmda,https://twitter.com/mmda/status/1037263197454000128
09-05-2018,4:55 PM,ELLIPTICAL ROAD QUEZON AVE.,14.621564,121.050149,,STALLED UV EXPRESS DUE TO MECHANICAL PROBLEM,1,UV EXPRESS,MMDA ALERT: Stalled UV express due to mechanical problem at Quezon Avenue Elliptical  EB as of 4:55 PM. 1 lane occu… https://t.co/CrQzsVK1ea,https://twitter.com/mmda/status/1037267338599395329
